Date,SPY,QQQ,TLT,GLD,AAPL
2018-01-03,0.006305170046502038,0.009670151138914715,0.004769987960686031,-0.0026403330092135157,-0.00017397762396317374
2018-01-04,0.0042061486274206986,0.0017479600657900598,-0.00015873028631233917,0.005114278310262769,0.004634227242534664
2018-01-05,0.006642024265524362,0.009993173200628883,-0.0028592413541455,-0.001036702137934486,0.011320968790264407
2018-01-08,0.0018268108084442821,0.003883176323108428,-0.0006366093960038405,-0.0001596255390370604,-0.0037210614673263832
2018-01-09,0.0022608654543239165,6.140155589501759e-05,-0.013463045155240147,-0.004639219643041588,-0.00011493420356818804
2018-01-10,-0.0015312136698090676,-0.0023402812116763007,-0.00121124071229574,0.002402270692406848,-0.000229440317692215
2018-01-11,0.007269896417297192,0.006821118015971252,0.00411164261392449,0.003273877321212141,0.005664279390515635
2018-01-12,0.006497836085167697,0.007322146899428253,0.0016875412064764124,0.012044492942167013,0.01027323168646372
2018-01-16,-0.0034243913587386023,-0.00286159291281831,0.004167674938298268,0.001652690627169873,-0.005095291983804014
2018-01-17,0.009486893357447448,0.010733314284420415,-0.0013606227220567652,-0.008132363237354055,0.016381655816183137
2018-01-18,-0.0016823391995692695,0.0001808853161446408,-0.009333280677448241,-0.002222213448585594,0.0008927261162755238
2018-01-19,0.004539255275517972,0.0031312224628400427,-0.005268187392686854,0.0044394996120163946,-0.004472626542466688
2018-01-22,0.008098059324716696,0.010644157442019525,0.0009748095249324214,0.0018177059354296304,-0.008214890379940186
2018-01-23,0.0021199397154423503,0.008234013082727008,0.0042933778677545715,0.004961985943158681,0.00022601992276706726
2018-01-24,-0.0003883652433830604,-0.0065103489713080305,-0.005430435129690753,0.012104345577545294,-0.016056774693170222
2018-01-25,0.00042361362884538195,-0.00035652487014304826,0.00817498614029666,-0.006697849027902464,-0.01801237669290477
2018-01-26,0.011511702782515065,0.015208930069939761,-0.003714870703666464,0.0007811756386790387,0.002334774799215693
2018-01-29,-0.006652239150776396,-0.004867494422714119,-0.0069829549778884495,-0.005637857183470335,-0.02091544993952229
2018-01-30,-0.010309973268888101,-0.008264594281504245,-0.005883697718151708,-0.004328123373076199,-0.005911578046036095
2018-01-31,0.0004969036203970515,0.00414088257279583,0.005883697718151621,0.00668108957049156,0.002751205862529265
2018-02-01,-0.0011358348906749466,-0.008536945118872876,-0.014598644861321225,0.0032848909860550284,0.002088330248087801
2018-02-02,-0.022010533918559325,-0.020146649669508833,-0.009322500797324705,-0.013204686797240324,-0.0443600645691122
2018-02-05,-0.0427220103125063,-0.04022512170973834,0.009405347195891423,0.0025286437555192493,-0.025301760659428834
2018-02-06,0.019510467645383542,0.02615413315705909,-0.006232845144074043,-0.01055189964568088,0.040942200875782354
2018-02-07,-0.005439880470742948,-0.013023015288720002,-0.009548265288632318,-0.004716772083453344,-0.021639381053791838
2018-02-08,-0.038230450196390674,-0.04311042909080044,-0.0010951735444818956,0.001521419504394612,-0.027902292078951615
2018-02-09,0.014909874011138146,0.01712198012177152,-0.006338691802766818,-0.0016817358427458674,0.012157223152533723
2018-02-12,0.014577937265568858,0.0175895620783005,0.0043991570094431215,0.0047973715177869495,0.03948856557871709
2018-02-13,0.0024842546221434877,0.00514826613977056,0.004463933182515649,0.005647253596785453,0.009968075611465522
2018-02-14,0.013405825564297575,0.018550197117722107,-0.011154926858774254,0.0169088525197643,0.018269424058995083
2018-02-15,0.012679586501140995,0.018393944358821423,0.0033929127163170748,0.0011691607653979673,0.03302696789732539
2018-02-16,0.0002930537645113606,-0.0044758322634528185,0.005406673828677521,-0.0032769459911664296,-0.0032427696434802807
2018-02-20,-0.006281013426858824,0.0019986150892730065,-0.004390195490253734,-0.013532867750937797,-0.0033690608316085968
2018-02-21,-0.00498684844396451,-0.0028477236227579896,-0.012344062370876936,-0.004604964057785746,-0.004549264508777088
2018-02-22,0.0012953524672606274,-0.00012141591681858221,0.0029933756006103474,0.005080177401414419,0.008324494178697562
2018-02-23,0.01581347604046351,0.02024313859905011,0.008842902027562946,-0.0012676571223934087,0.017241527256026117
2018-02-26,0.011545572024161002,0.013172917941154097,0.00033863310037316954,0.0024545525850455277,0.01957953637878045
2018-02-27,-0.012565215157880234,-0.012460093546100113,-0.0014394745048906033,-0.010493774054732095,-0.0032462919785514956
2018-02-28,-0.010181843527352697,-0.006437637151338894,0.006335638666367316,-0.0010394376248337527,-0.001514697167125607
2018-03-01,-0.01464726128545625,-0.016462009324022815,0.006802777486490261,-0.0022425027652310265,-0.01767158581504996
2018-03-02,0.005141787396405493,0.009138759157102093,-0.008162391279440802,0.005357640797750738,0.006890635859225491
2018-03-05,0.011491762176249034,0.011024143268434072,-0.0027072414434175687,-0.0016761714003699012,0.0034557410480823515
2018-03-06,0.0025314705817334367,0.004221526027047801,0.0009312788610103533,0.010726720619181963,-0.0008485241646690201
2018-03-07,-0.00036663954241324825,0.0023110586181956322,-0.0011012124719642978,-0.006422202914569186,-0.0093261178472679
2018-03-08,0.0048273336272859745,0.005490234839458754,0.00574577262941144,-0.002389131123572836,0.010853328764026077
2018-03-09,0.017252987748956936,0.019241565154775264,-0.006592947096582847,0.000956349666608725,0.01703491322127462
2018-03-12,-0.0012559222513859594,0.005298863099407583,0.005749981670305042,0.0,0.009621278092466847
2018-03-13,-0.006483856764274338,-0.013707787354230675,0.00504684479705684,0.001909899228192024,-0.009676764971119883
2018-03-14,-0.0051444877200848785,-0.0001752426080865908,0.008771070051201105,-0.0006362480921955626,-0.008537891739768946
2018-03-15,-0.0010903292289497735,-0.0008735768346231937,0.0,-0.0063846619697597,0.0011763759804229311
2018-03-16,0.0010835911739549176,-0.0029777839780693715,-0.003582879528838791,-0.002404835241203122,-0.0035328316130281722
2018-03-19,-0.013622297687494714,-0.02156695547922252,-0.0031764183652489325,0.0021646240154515875,-0.015397268784099354
2018-03-20,0.0016993482523995295,0.0032857592262390527,-0.004027277320789102,-0.0044947919586221805,-0.0003425995837452893
2018-03-21,-0.0019215874224347707,-0.0043639011292731875,0.0010921925836723807,0.017305793278474,-0.02291491643032671
2018-03-22,-0.025314852852864847,-0.024991997582657327,0.009860128494544493,-0.0039610286020946425,-0.01423061940617641
2018-03-23,-0.02154480519991695,-0.02670454939690779,-0.0007481071289611804,0.01285555168848731,-0.02342848308183191
2018-03-26,0.026991282930635775,0.03648469711338079,-0.0038354401044427794,0.005236622780197456,0.046379356693638754
2018-03-27,-0.017158090561752395,-0.032895287184691764,0.010635663499467733,-0.006177451915059315,-0.02597557049519123
2018-03-28,-0.0029589972632378327,-0.01157012698893783,0.002641413831985177,-0.013901136089334824,-0.01111070864531157
2018-03-29,0.012696373115964884,0.018148902312502362,0.004852018743878391,0.0004770798243684067,0.007778505892858407
2018-04-02,-0.021820866820498955,-0.029276241639282784,0.0019710158641476918,0.01161839746199109,-0.006577582636360942
2018-04-03,0.012735598688073044,0.011190809699756412,-0.007742464613582867,-0.0075722010717776825,0.010206640262813644
2018-04-04,0.010642262190833102,0.015646942023400324,-0.0020694158169814875,0.0011868954626521053,0.018941778153132697
2018-04-05,0.007861272720230903,0.005680654284025256,-0.0074847591464356515,-0.005153580456720969,0.006910136998062069
2018-04-06,-0.022538183416740593,-0.02534191698886347,0.010876246575112972,0.004678991304775993,-0.025911606957306734
2018-04-09,0.004916255035092807,0.006998395747543689,0.0016498001755560808,0.0033963960355940744,0.009869433455580293
2018-04-10,0.015775405720366065,0.021823290487157507,-0.001815072208404567,0.002362787969159084,0.018643227589281892
2018-04-11,-0.005256375038131308,-0.005785703342677114,0.0035452174124556697,0.007757730797944395,-0.004686327520240842
2018-04-12,0.008193489661318946,0.01196933512762131,-0.007351494726890374,-0.011698777825105413,0.00981013641866116
2018-04-13,-0.0029371146231877933,-0.0051918169901343965,0.0023187854543966413,0.00653361006986455,0.0033821706941898877
2018-04-16,0.008188172653177627,0.007593418419565848,0.00033069228119065247,0.0014113245973425364,0.006219348342420312
2018-04-17,0.010641128110208172,0.021296821171833846,0.002724835530901135,0.000939797609092718,0.013670127287793642
2018-04-18,0.0007403476535035626,0.0020449526321005586,-0.008030272741595616,0.0007824607184664891,-0.0022470640673874333
2018-04-19,-0.005562963758299166,-0.00923505833507828,-0.00818034124612257,-0.001957330849889553,-0.028749445242992302
2018-04-20,-0.008515589873880259,-0.015953299566618243,-0.007233487785703648,-0.007630932179694891,-0.04183510769967903
2018-04-23,-0.00015013752703379985,-0.0025295429510543976,0.0002533798937151547,-0.008007927882251619,-0.0029001007223326417
2018-04-24,-0.013558778128881368,-0.02141462099147768,-0.0045679324543664865,0.004844167468111617,-0.014017446004658814
2018-04-25,0.0024686984908725454,0.001198077117752477,-0.006720105222100832,-0.006517267321502421,0.004348054295876715
2018-04-26,0.010114284267489566,0.020834175677923446,0.006974337305734438,-0.0035146807713917604,0.0034770644001326833
2018-04-27,0.0009384194103634581,0.0006170522546226757,0.00768396686093928,0.0042320403061771,-0.011637208861724209
2018-04-30,-0.0077203779473025294,-0.007120042338817006,0.0017646224007161727,-0.00727744165435215,0.017950005454389358
2018-05-01,0.0017752039300873508,0.01136776176670313,-0.0036083786953344907,-0.007088207443339079,0.0229705434441501
2018-05-02,-0.006739945816610881,-0.0059147642566931185,-0.0010983004066104833,-0.00048510316641562344,0.043226724674444876
2018-05-03,-0.0022062845771454627,-0.00012366532721593657,0.004471147466917282,0.005082068394914099,0.0018108475966915286
2018-05-04,0.012863171283049007,0.018796157856186914,0.0015132794539504549,0.0020898820929316714,0.03848356259010652
2018-05-07,0.0033781283038530345,0.008275276983556965,-0.001597881948617516,0.00024084765259023235,0.007208581282191971
2018-05-08,0.0,-0.0010230386743999668,-0.0009263552324553136,0.0001605124693187213,0.0047954576868420645
2018-05-09,0.009619078248159853,0.010839996989900716,-0.005999678484934887,-0.002088981225264128,0.0070164514897891345
2018-05-10,0.009307444166256793,0.010311457239301072,0.008020251896695965,0.006813368242228766,0.014202596734817947
2018-05-11,0.0030463934125390937,-0.0009437413800765373,0.0025189081628382093,-0.0014389666321499815,-0.0038104552578692177
2018-05-14,0.0004763537046318906,0.0017097398759672168,-0.005297908368204776,-0.0040883630684626394,-0.002335851174721395
2018-05-15,-0.006910934126404939,-0.011137102381012131,-0.011448008261070805,-0.016277595476396185,-0.009130055873183237
2018-05-16,0.004196371229875755,0.006590497336689764,-0.0038449587740720143,-0.0015524980696371136,0.009289003500962323
2018-05-17,-0.0008451921951028075,-0.0038539600585019507,-0.005064371828642358,0.0005722435830601718,-0.006343524402537887
2018-05-18,-0.0025032781783092036,-0.0051818547536085354,0.008567921053487838,0.00040857173330558584,-0.003643094831072084
2018-05-21,0.007490418598689139,0.005597497910568411,0.0005116229460341265,0.0005716827532715196,0.007059965417399551
2018-05-22,-0.0027833973010389047,-0.0013072715008409133,-0.001535573261431452,-0.0005716827532715781,-0.0025079508152923294
2018-05-23,0.0027471405674835557,0.00840812197741034,0.007232738793375426,0.0010614187645907496,0.006391023471145719
2018-05-24,-0.0020507070115851193,-0.00029495905524405474,0.007938819250925313,0.00853209120176816,-0.0011153664674220457
2018-05-25,-0.0023858060990954925,0.0010018620652313534,0.006205384634445729,-0.0030793967645780895,0.0022826721406287325
2018-05-29,-0.011567373698944557,-0.004428504704127517,0.021666222453465066,-0.00016231041385129715,-0.003612494691159852
2018-05-30,0.013256746242141614,0.007135537137690924,-0.006730624870053984,0.001460093554237964,-0.0021311597201467162
2018-05-31,-0.00614489128194737,-0.0006464908165417519,-0.0016483187776472332,-0.0021909715513725716,-0.0033655757638194534
2018-06-01,0.009769214835821764,0.015577264095044204,-0.0052976231355916685,-0.004967644235411557,0.017873363504812462
2018-06-04,0.004740547452376659,0.008990556819764099,-0.007258186144861291,-0.0009801121170807511,0.008323112356556694
2018-06-05,0.0007274789828510459,0.003093343037821129,0.0023415683573345756,0.003914822104047846,0.007685490018461816
2018-06-06,0.008325949282735784,0.005817103372401636,-0.008135855792427578,0.0005696358194504353,0.003460040244158905
2018-06-07,-0.00010825205284073027,-0.008165099562231111,0.009638180130315964,-0.0004882216623280107,-0.002684495881406405
2018-06-08,0.0029517836614358396,5.7311368905029355e-05,-0.0030070683940282596,0.0012201695433653895,-0.009138957704673465
2018-06-11,0.0013292031518547707,0.0026907630404946693,-0.001842353760355808,0.0017868849442266759,-0.002454808079856526
2018-06-12,0.001291409470519263,0.005246104121130798,0.00025139737165967053,-0.003332688774722517,0.005475730094648256
2018-06-13,-0.0031958517932164188,-5.6858283668533375e-05,-0.0005030974762669689,0.003008032375587246,-0.00825096242650708
2018-06-14,0.0025145804877828495,0.0100730832114161,0.008265945633313839,0.0015411027282310494,0.0005239738502685984
2018-06-15,-0.0012766588696517644,-0.003497175257484897,0.0009139712224037845,-0.016672509186741995,-0.010325887678019886
2018-06-18,-0.0020591652437791748,-0.0005776623784536945,-0.0009139712224039075,-0.0018972637609840908,-0.0005293281135296262
2018-06-19,-0.003839978074528229,-0.002836828156801928,0.005803055828378255,-0.0025629178089953803,-0.016291482326931294
2018-06-20,0.0017043111629136088,0.007076992748889891,-0.008801005266993652,-0.0044802273887545,0.00435227987500915
2018-06-21,-0.006288444481212017,-0.008726184949831801,0.005240152765061025,-0.0017477352868705306,-0.005591749878792851
2018-06-22,0.001821822824079946,-0.0022216715181829316,-8.287889198268898e-05,0.0024126912728642744,-0.0029161043384474945
2018-06-25,-0.013706478109032262,-0.022788083619673435,0.0022375299804204057,-0.003746388732216758,-0.01498290234503117
2018-06-26,0.002211880237935594,0.004076332375857512,0.001406201413494993,-0.0052686490212925504,0.012329840958627634
2018-06-27,-0.008319085243441604,-0.013692456138666998,0.009379930774109516,-0.005718147886604777,-0.00146539552706233
2018-06-28,0.005701224801853599,0.008565045332241715,0.0002455555070130095,-0.003040547998821346,0.007250140648974299
2018-06-29,0.0014385548298347982,0.0026836058998463202,-0.0034443716639770317,0.0036306900201949913,-0.002104845398273732
2018-07-02,0.0021358756314749645,0.006677071948805458,-0.0007832376132469578,-0.010080153442110952,0.011120492789715948
2018-07-03,-0.0035376259624253794,-0.011641263752974002,0.005342494495912427,0.010080153442110855,-0.0175693852722078
2018-07-05,0.008125229256772023,0.012335547049828212,0.0028646145981049715,0.0033656028250155126,0.008014265992766795
2018-07-06,0.008422367292795389,0.015436601470140948,0.0032637510826267497,-0.0015972634935638506,0.013766559914510531
2018-07-09,0.00896409484135551,0.008957080984952882,-0.006456382396556669,0.002436881277559937,0.013790039134655787
2018-07-10,0.003592042718652782,0.0007333477134539693,-8.204047202104906e-05,-0.0018481290459546572,-0.0012075630967654316
2018-07-11,-0.0073413809069126975,-0.005088398533183854,0.0038467820518358693,-0.010905978807671088,-0.013060788592712
2018-07-12,0.009024994075636766,0.017084775372108816,-8.16545573360436e-05,0.0041565812124297165,0.016626615016631725
2018-07-13,0.0007874715734252861,0.0008353421200812193,0.0025293574263154117,-0.004411618657356192,0.001569232441078476
2018-07-16,-0.0008945412883417721,-0.002396677984209606,-0.004164394545489513,-0.0005102701051305093,-0.0021972935980335622
2018-07-17,0.004036647547046645,0.006064681164592814,-0.0018837554628375324,-0.010862735754725461,0.002824314623526779
2018-07-18,0.002101559413645067,-0.0018878943969765285,-0.0040253793482967455,0.00025795416772476286,-0.005499534443768689
2018-07-19,-0.0037785027429676115,-0.005014134174257007,0.00631785334742087,-0.004308123245285948,0.0077430735451100826
2018-07-20,-0.0011437221341922008,-0.00022380536588390256,-0.012344726548102264,0.006455244826308788,-0.002295670222868134
2018-07-23,0.0018579537849962337,0.003179282270282821,-0.012415373717298537,-0.004815949835095058,0.0008874636302655612
2018-07-24,0.005019145380225138,0.004112996222478075,0.003431575380759094,0.00034477603659500224,0.007228403134974196
2018-07-25,0.00848615168057716,0.013879936483017228,-0.0015885494320671742,0.00550018047205447,0.009385590545450451
2018-07-26,-0.002361718324437688,-0.015267495074689063,-0.001926518472893196,-0.00782971239395345,-0.003135882205232509
2018-07-27,-0.006799170556343518,-0.01358830306741966,0.0016752086783302495,0.0005181795313150905,-0.016771292256377867
2018-07-30,-0.005237246777550707,-0.01423205129914854,-0.0034380653079410656,-0.001555212880989931,-0.0056184604043575965
2018-07-31,0.004917243901025537,0.007623242480679382,0.005445031163079802,0.0029355602050311473,0.0019989132271953183
2018-08-01,-0.0016718126068008237,0.003789802907497072,-0.0081803460251279,-0.007355188129705078,0.057240056962012564
2018-08-02,0.00543272979011273,0.013514919407694491,0.0014343259430806552,-0.0053993230298752665,0.028811666160437364
2018-08-03,0.004275816160213553,0.0030591265427979816,0.004961180334133023,0.003486767260953241,0.0028888232784941535
2018-08-06,0.0036603337911243136,0.0058689944000863085,0.0005869293789901988,-0.005147198608389075,0.005179362234640498
2018-08-07,0.0032966623551655516,0.0036367238934921944,-0.005211079807917645,0.002271488910587502,-0.009419039356123603
2018-08-08,-0.00041987430517137497,0.0012097193566314801,0.0010108077592438007,0.002788736658924094,0.0006757330701708244
2018-08-09,-0.0013674685728750303,-0.0006047208334765919,0.008382975578900763,-0.0014805645831976347,0.007834122640922427
2018-08-10,-0.006722496885261057,-0.007670562165902261,0.007236253961220827,-0.00043582289228197795,-0.002983053942873248
2018-08-13,-0.003750488229578779,-0.0011085039737604302,-0.0020736136879550174,-0.015199092023381782,0.006436047918905749
2018-08-14,0.006360413532930431,0.006247011242696114,-0.0022449647998560853,0.000973327608104041,0.004204351628134958
2018-08-15,-0.007495433731028244,-0.01231018492474616,0.005809308340846262,-0.016766621575930757,0.002333382992971943
2018-08-16,0.008058806507990941,0.0032865258825323894,-8.261620497623749e-05,-0.0008097887609237462,0.014543575060963577
2018-08-17,0.0035142237822350817,0.00022241576429070194,0.001241034622317088,0.009228205066865915,0.01977306874864018
2018-08-20,0.0021373185861449998,-0.0008900492737417534,0.006672471001803492,0.0049818196508907165,-0.00979097987883797
2018-08-21,0.0023428986574106614,0.003666169351220722,-0.0033719873131450324,0.0029240568705197916,-0.001951267619077166
2018-08-22,-0.0005937249864645285,0.003873630534575696,0.003946924041586206,0.0022095550764809732,4.647268917072876e-05
2018-08-23,-0.0013290062547635646,-0.001437170497881779,0.0015582458342382722,-0.009491353686729823,0.0020439347736030747
2018-08-24,0.006000867818799977,0.009248958515591231,0.0019640709486658864,0.017318039357996126,0.003104436212675583
2018-08-27,0.007863827782723024,0.01014146237134626,-0.005740149665438557,0.0037595032326643405,0.00820074676240079
2018-08-28,0.00048334606887944864,0.0014637163004185395,-0.006022389120003554,-0.007973022006627225,0.008043215977685507
2018-08-29,0.00536631868642604,0.011471956211292428,0.001322985077960894,0.0045637840256251986,0.014819262345885303
2018-08-30,-0.00405670624035162,-0.0017690798927909308,0.0021461930932412322,-0.004915718883921124,0.009151582016384429
2018-08-31,3.446215034812093e-05,0.0012866326388589258,-0.002311186518556978,-0.0011445940280617694,0.011487755469277794
2018-09-04,-0.0017233777435286656,-0.00429514261284146,-0.005798607263972191,-0.005122797149079999,0.003201796101525824
2018-09-05,-0.0026953179227614376,-0.012997588943150553,-0.0026695072864188385,0.003447511831347845,-0.0065463744098954125
2018-09-06,-0.0030149023802844123,-0.008980147980168982,0.003668905430763303,0.0019395335367870974,-0.01675700467632224
2018-09-07,-0.001945122732167889,-0.0038574435884113217,-0.008525541752737979,-0.0027340278330774677,-0.008100919056873183
2018-09-10,0.0017369082588155143,0.0033627051484338643,0.00368665531396104,-0.000706792407982718,-0.01351144386907476
2018-09-11,0.0032922238538406067,0.007674401423512109,-0.00764009974934457,0.0006184538252070439,0.024968430811088606
2018-09-12,0.00024213417848166803,-0.00295345034062334,0.00235722492755416,0.008355710260063364,-0.01249662488663447
2018-09-13,0.005896669581107799,0.010623552330838901,0.0015125263893240098,-0.0035975648169408914,0.02386818921393479
2018-09-14,0.00017233955000096508,-0.002930589121347137,-0.004797124021334583,-0.006526220333750846,-0.01141613803791312
2018-09-17,-0.0053080240216741206,-0.014507546788131381,0.0,0.005206771454576303,-0.02698704507566163
2018-09-18,0.005411200772462726,0.00823775285807036,-0.010514650514855672,-0.0014974516487718237,0.001651141898470049
2018-09-19,0.0010649465999604509,-0.0007660634796265171,-0.005985098836287492,0.0038711539862427546,0.0005954184411689082
2018-09-20,0.008071194100660511,0.010995844487598733,0.004620570081038249,0.0034188014897895418,0.007572905562973684
2018-09-21,-0.0009141922381587377,-0.005482765094601105,-0.0004273072749533022,-0.0068493312914384265,-0.010829293617889821
2018-09-24,-0.0033275709050597057,0.0027771350327462237,-0.0025647696911260337,-0.00017621292914007548,0.014277591053632997
2018-09-25,-0.0009280855596684912,0.0013585988131219512,-0.0010277525674148725,0.0015850681638403528,0.006320590138609888
2018-09-26,-0.0029967380169837305,0.0007058016780042611,0.007002578158081655,-0.005293338005935142,-0.007997985171313369
2018-09-27,0.002790719885246817,0.008430301800950397,0.000680907594573968,-0.008884998236125718,0.02034344713895726
2018-09-28,0.00010289664664910111,-0.0002155722248965661,-0.002640185962298453,0.0063164577082286105,0.0035056120164050453
2018-10-01,0.003468386084002799,0.002043482480715505,-0.007368388174685111,-0.0016864375351172442,0.006710755884580491
2018-10-02,-0.0005832358016276276,-0.002258756435751036,0.006094257429356208,0.011482223287117932,0.008849460924479326
2018-10-03,0.0005487439932527498,0.0010762510259228338,-0.017523147524628385,-0.003959744500981412,0.012095036648485422
2018-10-04,-0.007846517884679464,-0.01938546479012124,-0.007079693690709439,0.0005289130805079614,-0.01773735501838489
2018-10-05,-0.005612625315137869,-0.012302646633424119,-0.008632260773986329,0.0028159089867124108,-0.016361972473343873
2018-10-08,0.0,-0.006124678138279862,-0.003367276317680628,-0.011133826368821452,-0.0023211003020244167
2018-10-09,-0.0014604583826807569,0.0032342835708502387,0.010068500637449412,0.0005329800140063239,0.013758302452649258
2018-10-10,-0.03217546951232291,-0.044975824582447324,-0.002727826920657104,0.0024835810584159217,-0.047433081572419156
2018-10-11,-0.022272514569463504,-0.012480754155058988,0.012085839554861021,0.025366544894876334,-0.008867268709535048
2018-10-12,0.013792711477788051,0.027450140039917678,-0.003487828289856443,-0.0047616679491750925,0.03509640243467221
2018-10-15,-0.0056328384756007795,-0.012178052579224349,-0.00043683512865533937,0.006660030947980057,-0.02161800185530466
2018-10-16,0.021630152997703,0.0286772775492825,0.002269181890518306,-0.0017255996137757622,0.021797673229878384
2018-10-17,0.00017843213246336354,0.0003946009359142405,-0.005946415252104478,-8.637796161615032e-05,-0.004330740064717382
2018-10-18,-0.014546383763594494,-0.02345543897220286,-0.0003514237666862135,0.001122068685606197,-0.02365096120845589
2018-10-19,-0.0005428673337351242,-0.0009241235357656399,-0.00219621293308849,0.0007761304849288288,0.015115098076280375
2018-10-22,-0.004498616404108737,0.005130876752210038,-0.0013200134590780782,-0.0025893597255193914,0.0060916868084310485
2018-10-23,-0.0051039289754264165,-0.003686800601191838,0.0031653418713209597,0.005859562733875961,0.009382536859901492
2018-10-24,-0.030766680627135074,-0.04684705261960525,0.007520717447497486,0.0023171370069294235,-0.034903905025970294
2018-10-25,0.01778124898200235,0.034010266368696924,-0.004190375845621954,-0.002231204310531111,0.021661536392471398
2018-10-26,-0.017743970174961193,-0.026058481368330142,0.0060178606083482284,0.0031736109331066205,-0.016051534811614948
2018-10-29,-0.005555394504439991,-0.020795717181254884,-0.0022629753522175836,-0.003947139978932357,-0.01894883612407099
2018-10-30,0.014709452586387624,0.016345546725003487,-0.004980606718901802,-0.004394427867848015,0.004982196141029166
2018-10-31,0.010624633693723294,0.023233293169557464,-0.005093532663210462,-0.005628951974666804,0.025732434211332676
2018-11-01,0.010585578426746227,0.013104018673445742,0.0009261795881378039,0.01277086763550321,0.015235778959358523
2018-11-02,-0.00594061749471389,-0.015698465222155792,-0.012510857721430386,0.0001715043948444399,-0.06863298261006236
2018-11-05,0.005501620005218752,-0.002482558055828326,0.0039208989966957215,-0.0024032178261358607,-0.028799138361358854
2018-11-06,0.006307835043985091,0.007547100196512608,-0.0006231880423608394,-0.002839826579174042,0.010755902042412828
2018-11-07,0.021182969838670403,0.03088581110686657,0.001334521298154077,-8.61993040877103e-05,0.029877752461153973
2018-11-08,-0.0018166010124540891,-0.006399291381480072,-8.903543666463478e-05,-0.002156939731312277,-0.0034952927781822943
2018-11-09,-0.009816338609048037,-0.016995858523103452,0.007438271278637659,-0.011291663536045476,-0.019470063053357932
2018-11-12,-0.018862107521146077,-0.030726026035702663,0.00650732286299255,-0.007188596482678694,-0.05168705758986314
2018-11-13,-0.0018727156797899449,0.0008412623086024421,-0.0006136770932033139,0.00035180582721631255,-0.01004144914226756
2018-11-14,-0.006860031372474343,-0.007658399381320846,0.0006136770932033991,0.008233404279793029,-0.028653706489416387
2018-11-15,0.010382298495107831,0.017342583520625787,-0.0004383023489627738,0.0011333182475063862,0.02437881257707613
2018-11-16,0.0025973395907761786,-0.003515780514029166,0.0057703437304253615,0.0073788789662288,0.011014940196873074
2018-11-19,-0.017058645841502303,-0.033017032095911315,0.0027861319090441913,0.0004323180677422659,-0.04043873911923574
2018-11-20,-0.018679888740037183,-0.01805657685619466,0.0003479156625663628,0.0,-0.04895731012803804
2018-11-21,0.0034017322160391386,0.00757389252762037,-0.00034791566256640036,0.001641277459165227,-0.0011307027003266603
2018-11-23,-0.006701246207940992,-0.007259708936220469,0.0010430569736481782,-0.0007771357154266267,-0.025726842883059174
2018-11-26,0.016015538891442287,0.02285111964388156,-0.002260855358376265,-0.0011235233509469095,0.013433345359129916
2018-11-27,0.0033589491866999107,0.0033710341766835486,0.001131107544715464,-0.005984687209490868,-0.002178795754443971
2018-11-28,0.022763910820647056,0.031675714817545435,-0.004881199336363623,0.00373378036345705,0.037731976386656735
2018-11-29,-0.002187285956366843,-0.00326575589275751,0.003924153813729633,0.003115272664463216,-0.0077117600046921605
2018-11-30,0.00607685055331878,0.0072292996334092415,0.0037351871754700587,-0.001729479411524255,-0.0054170617536644814
2018-12-03,0.01315459346324412,0.017325615063819938,0.007075572972753054,0.007501675441848404,0.0343456237048044
2018-12-04,-0.03293910586993967,-0.039111547238485755,0.016602872865876635,0.006080599945141696,-0.04498563231134985
2018-12-06,-0.0015181924579313769,0.007035474151635719,0.003135451220116663,0.00017072178718187972,-0.01121216786143601
2018-12-07,-0.023510151316158103,-0.0335732581383277,0.0018597131273779552,0.008077219150826301,-0.03630826962965626
2018-12-10,0.0018950062266457992,0.01041771536564081,0.004129782799301471,-0.003477935715567025,0.006566558195436239
2018-12-11,0.0002274965152336113,0.003305969255867251,-0.000168369422345882,-0.0011903699128753065,-0.005735875076417903
2018-12-12,0.005022558968753527,0.008762984604936167,-0.004468301045221319,0.00212467676965701,0.0027833805710836775
2018-12-13,-0.0003391350168322182,0.0003028762942249618,-0.0023686668258612927,-0.0022097759847801487,0.010880809143294666
2018-12-14,-0.018637379215200263,-0.024650141596938485,0.003466308181421073,-0.004007006751401848,-0.03252095136702334
2018-12-17,-0.019813317793341695,-0.022920494644021364,0.005806999599611048,0.0068957425332182515,-0.009349605250725758
2018-12-18,-0.0010971363618300656,0.006269150314454108,0.005970867956466186,0.0023726710074086807,0.012908679416919035
2018-12-19,-0.015088947853256426,-0.024861323074249896,0.013124105708971663,-0.0061126025718981495,-0.03168847887459212
2018-12-20,-0.01641202591527049,-0.014602076552768135,-0.0036371633716876708,0.015295836918707156,-0.02555838391571694
2018-12-21,-0.020702072326995884,-0.03148373530981816,-0.00016572150465394992,-0.004370461193212718,-0.0396721441542515
2018-12-24,-0.026778472785443003,-0.02511053642325856,0.004957497191061181,0.01089057789030817,-0.02621501057500024
2018-12-26,0.04928984946188164,0.0605671128621872,-0.010772933837207873,-0.003003949025405859,0.06805277663041816
2018-12-27,0.007648138303072796,0.0038621037482739515,0.00016668797474635614,0.0075760760319352385,-0.006510986445433962
2018-12-28,-0.0012909264485553983,-0.0005229079056332594,0.008378370418327678,0.004055775698519239,0.0005124605514705308
2018-12-31,0.008720644438781277,0.008398054005062444,0.0037932323335287035,0.0015682595209626012,0.00961844968916951
2019-01-02,0.0010399054054492977,0.0040111234809865936,0.005252834896350865,0.000659591337713554,0.0011405720227022833
2019-01-03,-0.024152151555336867,-0.03321616231254392,0.01131546526599528,0.00902531942317299,-0.10492429797745399
2019-01-04,0.032946810437594475,0.041894531705747834,-0.011642648543955638,-0.008119106827353268,0.04180325070856641
2019-01-07,0.00785392740184633,0.01183548907194952,-0.002952324630299278,0.0034525160778516237,-0.0022287032197156483
2019-01-08,0.0093514682470832,0.00900459698729719,-0.0026319432135102168,-0.0027117139907279018,0.018884262380910292
2019-01-09,0.004662434076135163,0.008116550848838985,-0.0015661571220980386,0.006397649700215412,0.016838978910972982
2019-01-10,0.0035215208824713826,0.002856519476965897,-0.006454496444330749,-0.005904086348646452,0.0031911297304816474
2019-01-11,0.00038608509345506155,-0.0036649581465678237,0.003895007034445894,0.0017256811414607263,-0.0098667020141028
2019-01-14,-0.006119505614737969,-0.008876190569340529,-0.0037285388975019425,0.002378067354322114,-0.01515099342338748
2019-01-15,0.011395536870972752,0.019338303075483784,-0.0036588010969525143,-0.0017215161032263467,0.02025981020758058
2019-01-16,0.0024170090485852802,-0.00018474306485641735,0.00099923282907396,0.0031947551186356582,0.012142753746780918
2019-01-17,0.007558161790325041,0.007853100187419684,0.0002493014095401214,-0.0013094038577051105,0.005920017744456534
2019-01-18,0.01322203293678045,0.009851681433464172,-0.005255401868347392,-0.008966489387798326,0.006140462054098814
2019-01-22,-0.013602532223728885,-0.02023335866465169,0.006752008604822578,0.0035468368649853345,-0.02270154463676728
2019-01-23,0.0020903754073884916,0.0012957554621537471,-0.00041512302070920203,-0.0014007184915951448,0.004035953819635871
2019-01-24,0.0005311591533456196,0.006454689767516566,0.006544234705059027,-0.0015678713054947328,-0.007957920863049344
2019-01-25,0.00842589762300129,0.011877606603541228,-0.00480064641930068,0.014511460180241248,0.03259974266793767
2019-01-28,-0.007629558507987037,-0.012429054363536595,-0.0009963196586105481,0.0034938106026215594,-0.00929735504645785
2019-01-29,-0.0013274982683597304,-0.009486648218103565,0.005053398932540139,0.005580978043920208,-0.010418895343066005
2019-01-30,0.015706822035221127,0.02511973885343983,-0.000743345519613367,0.005710387238117351,0.06610093104644264
2019-01-31,0.00874396461812097,0.01485765717505651,0.00856285350678988,0.00048105804332541224,0.007175603352175884
2019-02-01,0.00048147984428525785,-0.004231120105672969,-0.006057781124748595,-0.002006018726865743,0.00048039983620239065
2019-02-04,0.007010739828767488,0.012345525839879381,-0.004474555274425466,-0.0043467903708823,0.02800913457064737
2019-02-05,0.004182897557788243,0.008808970238220745,0.004556798047252983,0.0025781491687657575,0.016964640712870637
2019-02-06,-0.001318559575144316,-0.002986624954528209,0.0004957867884587561,-0.006781846869660092,0.00034438194224452583
2019-02-07,-0.009578529522950964,-0.013520372422664304,0.006588132662048922,0.0024273450059934865,-0.01912095886900125
2019-02-08,0.0012206031727406978,0.0019597840661119497,0.004259433729192642,0.003791101346321012,0.001174565346578383
2019-02-11,0.0005544532208089882,-0.0009498824305047238,-0.003931010247184792,-0.004923141507008373,-0.005767531180617646
2019-02-12,0.012777181422244956,0.014677900437226226,-0.002546953973595001,0.0021013677593768472,0.008580329134517872
2019-02-13,0.003241754453162462,0.000702235153613026,-0.0037915204857501064,-0.003963908091330168,-0.004163568470286665
2019-02-14,-0.0022206825604082045,0.001227166752830755,0.005682057003713548,0.005577307519395154,0.003636496082996439
2019-02-15,0.010838540900663773,0.004196364231250795,0.0015587196526347924,0.005947180522781207,-0.0022271601984915584
2019-02-19,0.0017288275534641617,0.0019755453120658857,0.002538195131016956,0.015109582852092095,0.0029880027559572855
2019-02-20,0.0020133377382489815,-0.00017403325635965912,-0.0028660923274131432,-0.0017378437981698566,0.006414702243813983
2019-02-21,-0.003561911463292221,-0.0036646888795262055,-0.008979291641770025,-0.011370537714508392,-0.0056541576250567485
2019-02-22,0.0061806895778988265,0.007373061175415763,0.005940307933406504,0.0035920768439101198,0.011103531979558389
2019-02-25,0.0013604152387206752,0.0036372651810820692,-0.0029658587753274364,-0.0010363715360959395,0.00725798102565422
2019-02-26,-0.0007157901374727984,0.0010366620083683122,0.004938068841592625,0.0016736332310033522,0.0005738588770290776
2019-02-27,-0.0004296835811810985,-0.0006335105784327544,-0.011394083117049631,-0.00711234367844341,0.003093050445540704
2019-02-28,-0.0018639765247011675,-0.002306770629828368,-0.0034101337907241594,-0.005629776625606553,-0.009885069058308521
2019-03-01,0.006224301890193894,0.006904775591618987,-0.00928548462437677,-0.017163968380321165,0.010456371043421673
2019-03-04,-0.003644532166689496,0.000172080946935785,0.007806777918625137,-0.0026289836177433583,0.00501703514393186
2019-03-05,-0.001360268612320404,0.0007449153152001348,0.0020882012569259124,0.0013153870929190252,-0.0018214654409867308
2019-03-06,-0.006075991780323808,-0.00568772108763669,0.00366493397026535,-0.0009041270457165541,-0.0057704692010248975
2019-03-07,-0.008400398112851737,-0.012348375790846763,0.006463557131148573,-0.0008226265106168819,-0.011642268056994197
2019-03-08,-0.0020019285335526444,-0.0015176244178604522,0.004204158822708053,0.010886084259377201,0.0023741585467553037
2019-03-11,0.01439710750828715,0.020584452174446478,-0.002965678908127719,-0.004896357818091546,0.03405563944667802
2019-03-12,0.003763422432147403,0.005479390378349133,0.006988131480277155,0.006035459879402026,0.011172849607743273
2019-03-13,0.006597530296631962,0.00748519010259129,-0.001885970496658577,0.006968612448215201,0.004412432115064439
2019-03-14,-0.000639692862786013,-0.00169629108306962,-0.0072495061904366154,-0.011614284265949192,0.011054901721561582
2019-03-15,0.004928328673069683,0.009237849608103263,0.0065926484930300365,0.00456433710702197,0.012924460299561246
2019-03-18,0.003619283966103028,0.002378791055390996,-0.0005753155012877761,0.0005690800870331783,0.010156746337761872
2019-03-19,0.0002477502579707057,0.003356677678021339,-0.0022215759228661532,0.0027594883221057557,-0.007956563201877903
2019-03-20,-0.0030143613965591975,0.003957370075628445,0.010406288069152938,0.006463126873942885,0.008700790858995427
2019-03-21,0.011231072783452227,0.015511245330602306,0.0021984509242430226,-0.004034541087699915,0.03616837607241724
2019-03-22,-0.01943348331030157,-0.02220890043986285,0.015415374223133826,0.0023420233902432335,-0.02092593392709304
2019-03-25,-0.0007521275414266431,-0.0019061988300320865,0.0016003374180992627,0.007633907060241407,-0.012164531201162686
2019-03-26,0.007426349218580764,0.004646483863663859,-0.0007198461206013221,-0.0049754946888428755,-0.010385522943379256
2019-03-27,-0.005242708032328276,-0.006443546770844052,0.009160405027161608,-0.005243016760484571,0.008953964207784718
2019-03-28,0.00378296348252495,0.0023021931722061106,0.003482391332184448,-0.014253957303041619,0.0013254557637475614
2019-03-29,0.006285782553752873,0.007542325477609794,-0.0009483800399822374,0.0009019770912032663,0.00649647969294436
2019-04-01,0.011789278696419526,0.01316048915958018,-0.014305806158361767,-0.003941890257643701,0.006768309914179086
2019-04-02,0.0004899663348372879,0.0037829746108600337,0.0018476896466189361,0.003695988550420936,0.014431951656272335
2019-04-03,0.0015723131300056916,0.0057297468623733515,-0.008705448093033166,-0.0014767440573913667,0.006831835404541363
2019-04-04,0.002649801380299613,-0.00038088247946658,0.002829502818115735,0.0025419025120261784,0.001738738143922333
2019-04-05,0.004828987820542541,0.0051578449646055395,0.0012907630974562966,-0.001065158454634802,0.006672005052282248
2019-04-08,0.0007616102803665266,0.002541953818330094,-0.003553709436856691,0.004335552354601057,0.015613551072673695
2019-04-09,-0.005137835560636419,-0.00351735821836837,0.003150097828264656,0.005210460213684454,-0.00300320911474599
2019-04-10,0.0034052408634681723,0.005352129443927835,0.00241713223698044,0.0030808947099307334,0.005598406401626235
2019-04-11,-0.00027783246199718806,-0.002375025776504368,-0.005891195672273739,-0.012872932029622242,-0.008359079423489664
2019-04-12,0.006743092398580753,0.004314400410734658,-0.007148158458200956,-0.0009844542413608548,-0.00040204771480918596
2019-04-15,-0.0006547305683671973,0.0001614520501850255,0.0025239933434133876,-0.0018896884121835308,0.001808424828626098
2019-04-16,0.0006547305683672981,0.003437374789082407,-0.006280564196247778,-0.009004202217837268,0.00010042573374914192
2019-04-17,-0.002449552938172111,0.0034791567577116705,0.0004086181546910603,-0.0019104067944000637,0.01928593033692821
2019-04-18,0.0019673643321284824,0.0012817883346462025,0.005221148788193404,0.0007480072379889946,0.0035873650365936863
2019-04-22,0.000861329864982654,0.0028244415772447273,-0.004812240832045423,0.0,0.00328117820140062
2019-04-23,0.008951740846416902,0.012637723705013175,0.0021237669166340907,-0.0020790892290242957,0.014320427356065769
2019-04-24,-0.0022222610924470146,-0.003157928611025848,0.00812550754712613,0.002909503431152912,-0.0015439573135262734
2019-04-25,-0.0006157555689089161,0.004050931902171302,-0.0014578524881103678,0.0008297251865102907,-0.009115907504401808
2019-04-26,0.004645783615625244,0.0008920393858113985,0.003397804181505461,0.006613259149985578,-0.0047857123181735284
2019-04-29,0.0015663670790867503,0.0019386187157065982,-0.006401023880267353,-0.004459139554905491,0.0015163863976428147
2019-04-30,0.0005103245166091959,-0.007777715330272833,0.005108417069366068,0.003057434262503009,-0.0194440875111234
2019-05-01,-0.0075447694328741755,-0.0032238270088588983,0.004116617394676883,-0.0066225029075604345,0.04791874574229342
2019-05-02,-0.002161192299681345,-0.004349340801121063,-0.004773455267125336,-0.003827907452540267,-0.006528984291028748
2019-05-03,0.009740066281898371,0.01582225667321779,0.0028341713835632882,0.005902166622599615,0.012354840323491273
2019-05-06,-0.004123780029013546,-0.00614106068555338,0.00274599790425918,0.0013252386046357174,-0.015563346510084897
2019-05-07,-0.01684072060608394,-0.01967185277242679,0.007631981975760289,0.0033055276063594123,-0.027326946686363644
2019-05-08,-0.0013901426225130954,-0.002526955226697981,-0.0043311894155405465,-0.002478073455137969,0.0001969325048980598
2019-05-09,-0.0030301045712387694,-0.005397791922339775,0.004090778334488099,0.002395550981643927,-0.010801957135705323
2019-05-10,0.005010593652748124,0.0012441978262462733,-0.001361535647222266,0.0018959191232165698,-0.013950633771952974
2019-05-13,-0.025451272803015776,-0.03531887058506231,0.007824896775807607,0.010159840539079522,-0.05987675372564356
2019-05-14,0.00900274636117409,0.010915065193479116,-0.002947063912387205,-0.0017133695443152437,0.015706391411768994
2019-05-15,0.005840262281495967,0.014025739401136387,0.006123261520509825,-0.0005717761663673002,0.011908135701631089
2019-05-16,0.009219060282685147,0.00999978196958989,-0.0033352984794080523,-0.007216080906090217,-0.004409615546759126
2019-05-17,-0.006486231071450666,-0.010273100169992267,0.0022246695665738584,-0.007102776783024275,-0.00569791525931448
2019-05-20,-0.00663385922904307,-0.01702573960054327,-0.002065568695288506,-8.290551782707826e-05,-0.0317692190365766
2019-05-21,0.008975033668158503,0.010393552940932615,-0.0015917048960443249,-0.0023236423674714048,0.018989210211966707
2019-05-22,-0.0030760147457926873,-0.004464888146378315,0.00571932037656253,-0.0009975291545631813,-0.020683837052631986
2019-05-23,-0.012294071477311501,-0.01542034399484902,0.011184921560707075,0.007704775453647589,-0.017216785214125948
2019-05-24,0.002265883261660195,-0.0005049426498439213,0.0008607726653038645,0.0010723379767872785,-0.003848104502700385
2019-05-28,-0.009344119697971795,-0.0037675219926560735,0.007174057700834967,-0.0038822269155751525,-0.004143720539228356
2019-05-29,-0.006733200825824402,-0.008260023192964408,0.0030257235335603224,0.0003309964016131658,-0.0047803735059279776
2019-05-30,0.002727424784709208,0.004194881498480094,0.008562066282911769,0.006761236816409685,0.005173456325977205
2019-05-31,-0.013566711018016847,-0.01608171974330667,0.01244151423030757,0.013386857013473643,-0.01828161452430564
2019-06-03,-0.0025461973092233583,-0.022263666186522542,0.006666608711248898,0.014329650783140814,-0.01016189120897422
2019-06-04,0.021474175273923875,0.027767700345889802,-0.011466917166235529,0.00031967486235552026,0.03593076643616534
2019-06-05,0.00862498261617236,0.007404735434477641,-0.0056680590263882506,0.002553665830468566,0.016014102823052576
2019-06-06,0.0064816764093367325,0.00791362294839545,0.003221153269497485,0.0032623544765036684,0.014575209566568109
2019-06-07,0.009957413659284833,0.01912774576206321,0.008614428719037767,0.005624438342681366,0.02626887815428746
2019-06-10,0.004577885074895514,0.011587460026089519,-0.009457161533893949,-0.010003215486538885,0.01269837029061186
2019-06-11,-0.00024211677005529442,0.0013642427546292242,0.000612928288612374,-0.0011975692988471266,0.011513324376080424
2019-06-12,-0.0017665875052770732,-0.005796269545605332,0.0007650293881010075,0.005179100221238763,-0.003187893890434271
2019-06-13,0.004117739280672135,0.005904956778997959,0.003438271439507197,0.0061006935016299476,-0.00020596173123334054
2019-06-14,-0.0011054326745099483,-0.004261626568864172,0.002513243935111915,-0.0003160129284807664,-0.007288999329393571
2019-06-17,0.00038008642681376767,0.006005348552012706,0.0017480784964634423,-0.0006322652864021801,0.005949048738359376
2019-06-18,0.010416669870011728,0.014426510086279667,0.004999313762787226,0.005047324392238259,0.023246253982605134
2019-06-19,0.002254493608141916,0.0037482788072825085,0.0014342595406140568,0.006038970838080658,-0.0029272791513716315
2019-06-20,0.009508892626660397,0.009256319612573,0.002637389161840328,0.024866155493817887,0.008003587878492063
2019-06-21,-0.0014545643782264556,-0.0014836144000578513,-0.011047712170675822,0.00661369341666817,-0.0034148712889233855
2019-06-24,-0.0012251980144563073,3.168807576715203e-05,0.007429335106850918,0.014741593126273352,-0.0010067529637696414
2019-06-25,-0.009856466013325155,-0.01731534855754042,0.0030914972859478083,0.0019392450876947497,-0.015273895823397103
2019-06-26,-0.0009976498056093201,0.0046397522492943825,-0.006419965871883944,-0.009207653748305768,0.021398712264418054
2019-06-27,0.003539474002721332,0.003814121640023202,0.007022260954589977,-0.0009781791081800058,-0.00030012269524896376
2019-06-28,0.005132581319438961,0.0012860564518231718,-0.0006775463980514549,0.0027063662544696662,-0.009153608454850758
2019-07-01,0.009037621302359376,0.013404457904771325,-0.002341551612724191,-0.019559428102497136,0.018174386368830366
2019-07-02,0.0026008619627370085,0.003954960866619392,0.007683288005562483,0.02113481354805423,0.005837666813153101
2019-07-03,0.007963323469831599,0.007497856726185042,0.0071043012196214195,0.0016477026920105947,0.00825279961348453
2019-07-05,-0.0011386318683329678,-0.002039187545957004,-0.013352010769289439,-0.011212861349998495,-0.0008813316647321903
2019-07-08,-0.005509585291100361,-0.007038659683279998,0.0013583032384720235,-0.006453396174434407,-0.02082928696811456
2019-07-09,0.0012454312439316992,0.004995138568799641,-0.000377218373883934,0.0034976216131429347,0.006080776794531854
2019-07-10,0.00476645886663231,0.009915957816385402,-0.005521618942320539,0.015664164068756106,0.009840293024844063
2019-07-11,0.0023419602667950077,-0.0007272050578565521,-0.013440606949579133,-0.008479433149487648,-0.00730899262546606
2019-07-12,0.004466606549672367,0.005752116108946834,0.0011522317853387503,0.006235244213343071,0.007653102290575199
2019-07-15,0.00033275777458439856,0.0031980417582332466,0.005742953074197285,0.0,0.009351536856348777
2019-07-16,-0.003230340384459129,-0.005163653166284223,-0.002981825202616344,-0.008498565150237166,-0.0034661125416213276
2019-07-17,-0.006828731108310217,-0.004930585016797084,0.010739681044588896,0.01633123396202252,-0.0056392900264262275
2019-07-18,0.003654485887822952,0.0011440803159011913,7.585099811138727e-05,0.01401922107283276,0.011295687821170308
2019-07-19,-0.005570356174308413,-0.007354889724449031,-0.0023509687322123803,-0.01483691752503857,-0.015040163966620808
2019-07-22,0.0024533408124083225,0.007926191664877114,0.0018961972098991502,-0.0001487748968767623,0.022596752414190305
2019-07-23,0.007124798039194372,0.006523237362749864,-0.005471900034789871,-0.005668654760058427,0.007787806954529919
2019-07-24,0.004688454186915067,0.006993397119102663,0.004334346426810174,0.005073447292028362,-0.0008145237848661226
2019-07-25,-0.004788464480192751,-0.009524906362862816,-0.004791116363208997,-0.007095118991376651,-0.007938626988813485
2019-07-26,0.006677333117063315,0.010242023490020593,0.0023603161220292304,0.00164757936404381,0.0034716981732588544
2019-07-29,-0.001822437937094878,-0.0034368133127537217,0.00030428770031430685,0.006637600502192369,0.009295291121508908
2019-07-30,-0.0024579649301346034,-0.004325308752980718,0.0024305529211175797,0.0033393742390960437,-0.004301502119343068
2019-07-31,-0.011000538664033091,-0.013926630726969659,0.008008634649259556,-0.013199706898717264,0.020198708439281184
2019-08-01,-0.008746076710251578,-0.004983525445824728,0.019665417302635813,0.0237382025873749,-0.021876741106853528
2019-08-02,-0.0075580059521057315,-0.014834746936884856,0.009199055168161503,-0.003819352910475418,-0.02138478370855711
2019-08-05,-0.030534399102690613,-0.03597442322345555,0.017139844497467676,0.013885007839557597,-0.053768132573690154
2019-08-06,0.013925174055425656,0.013901797944164546,0.00796161624285667,0.008095529492025941,0.018753571419893394
2019-08-07,0.0005906820664007529,0.0053874584761989894,0.000356846650885909,0.01507548681526026,0.010302166956658526
2019-08-08,0.019430103604329063,0.021530686541978487,0.0021404499465620033,0.005022054446004403,0.021815962921636966
2019-08-09,-0.006834915452440794,-0.009446208280249991,-0.0019973512974065556,-0.003321683939870917,-0.00827448173072997
2019-08-12,-0.012248014941276968,-0.011542012534709125,0.02063486357307858,0.009651773675578623,-0.002540834849352483
2019-08-13,0.015432048032492002,0.021678404668069785,-0.003432719041128163,-0.005977346952418699,0.041476512354942714
2019-08-14,-0.030013601068601174,-0.03034064625516516,0.02227937803480692,0.00681829671908825,-0.030217055907980125
2019-08-15,0.0026384585598175792,-0.0011495419767969023,0.011058368278184063,0.006632923311853109,-0.004993899572547309
2019-08-16,0.014647290371785027,0.01592322020231228,-0.008042481157013302,-0.00642279632319684,0.023320599643422292
2019-08-19,0.011975522716353364,0.015779288418875523,-0.014406256585241008,-0.011765243129746363,0.01847236642907116
2019-08-20,-0.007691830444530529,-0.007778454795515534,0.01029159150842303,0.007765153200510364,4.7688338007154656e-05
2019-08-21,0.008102419307475309,0.008839381068396511,-0.006687260775852716,-0.0031694374885161206,0.010779737522388425
2019-08-22,-0.0003079546698003799,-0.003239181161390943,-0.006663146652693052,-0.002542737809443374,-0.0008463892901080916
2019-08-23,-0.02602324549888977,-0.03215717519504356,0.016300833649527672,0.0194004358255685,-0.04732269767943951
2019-08-26,0.010997790455335546,0.014991082235412541,-0.004050349291554399,0.00013874512727632068,0.018820868637898978
2019-08-27,-0.003931305015981738,-0.0021123922578179196,0.015291407753412752,0.009525229640210546,-0.011347994123899391
2019-08-28,0.007017017108361612,0.0035722411353708234,0.0012862645983062486,-0.002820513317677276,0.006687986783522782
2019-08-29,0.012692340870097732,0.015174200587787736,-0.003796216785321186,-0.007190355573252848,0.01679025680638522
2019-08-30,-0.0004446432491231185,-0.0023974505102404586,0.0002719144670170508,-0.0025705723222454796,-0.001292833058226204
2019-09-03,-0.005864402695392286,-0.009755600391197466,0.0012917121560310184,0.013817145553141903,-0.014670503272522053
2019-09-04,0.011286413062711812,0.014332379338410967,0.001493219888395914,0.006224182405113975,0.01682391802151401
2019-09-05,0.012773482503814427,0.018153291281364847,-0.018276613453500644,-0.02429383958928248,0.01936309141694268
2019-09-06,0.0007716084253575009,-0.0009912910126214634,0.007090045591032342,-0.008559662387184017,-9.384978407486496e-05
2019-09-09,0.000503787092932468,-0.0020898965171755116,-0.017925194109441198,-0.0037414803722944866,0.004258049550349918
2019-09-10,-0.0002348428963270612,-0.002880935204087679,-0.017682819034279616,-0.008594766463448816,0.011743727199546604
2019-09-11,0.007085746675191578,0.009345473730941,-0.00177851264587865,0.0060453662250154515,0.03130021932048857
2019-09-12,0.003458061780609905,0.004148914139995363,-0.006572834304744414,0.0020542492696135994,-0.002238751879607558
2019-09-13,-0.000664320693305687,-0.003577394006893536,-0.021590092734074626,-0.008313640257218174,-0.01964595273860699
2019-09-16,-0.003093806706449422,-0.0044766466448517075,0.012662816337404844,0.008313640257218249,0.005243379318360427
2019-09-17,0.002528982978200608,0.004788494938015683,0.00540918255517582,0.001979350045407386,0.0036316081409787124
2019-09-18,0.0005978543055528431,-0.0004153238198284041,0.004234729149985328,-0.006305141849164153,0.009335503639739956
2019-09-19,-6.628619290141002e-05,0.0016602613179483394,0.0030036802656676596,0.004042645700960864,-0.008158158383924396
2019-09-20,-0.004736374210500259,-0.010634784542793933,0.013123928477083872,0.011751169204553406,-0.014725898935791192
2019-09-23,-0.00023460093897345502,0.0004409737768712795,-0.00021097783300321672,0.005580782257567522,0.00453685298369403
2019-09-24,-0.00787766590074702,-0.013369918269230606,0.011981581534151643,0.00527299162043293,-0.004766515494551732
2019-09-25,0.005897625826523717,0.011162851794920716,-0.014734998159199698,-0.018719501081169466,0.0152724459489224
2019-09-26,-0.0020854283395597786,-0.0036896945213804066,0.006412151409848566,-0.0002821278180384957,-0.005171240769973616
2019-09-27,-0.005401930272804805,-0.012486639968488172,0.0024552507097868894,-0.005161727926224835,-0.004878108576492303
2019-09-30,0.004626970214090255,0.009472561045002655,0.00244904392834246,-0.015647105922203676,0.023262959443170635
2019-10-01,-0.011965945990976778,-0.008190014299938883,0.0030059875361890575,0.005457893373498284,0.0027642595579432626
2019-10-02,-0.017822551265681285,-0.01734398682972645,0.0024399020515141674,0.011606023170116823,-0.025387282605991265
2019-10-03,0.00815937152609874,0.010915507774529194,0.009080752338466103,0.004520416059329575,0.008458889319473818
2019-10-04,0.013441213910285948,0.014618493355136139,0.0073562567531761216,0.0,0.027645873686473612
2019-10-07,-0.004323942104166728,-0.0030236125382691126,-0.008322619608438582,-0.00856363541098911,0.00022043428719804886
2019-10-08,-0.015646319655854325,-0.015094127508071264,0.0026899767516174065,0.00870459991703739,-0.011784307167592848
2019-10-09,0.009451425707535885,0.009714350525861086,-0.005664166821522007,0.0009156241246349503,0.01165217827167815
2019-10-10,0.006740801881781785,0.007714530133032571,-0.015006849676176246,-0.008767683192965708,0.013388361920103287
2019-10-11,0.010313534638050867,0.01279691420351959,-0.012453805079835869,-0.005554769940672898,0.026250554381387563
2019-10-14,-0.0011142386949293656,-0.00010470427342084673,0.0072362030573891135,0.003991150393420187,-0.0014402615160464109
2019-10-15,0.009851477137574595,0.012636206925108385,-0.01216180527954596,-0.0069950016712766044,-0.0023346561837504706
2019-10-16,-0.0016073349338016065,-0.002483411888207335,0.0012158865919505634,0.005713914835703777,-0.004045187654588331
2019-10-17,0.0029450342593652936,0.0026382053450165403,-0.00243305557641234,0.0014233647353723328,0.0038752638504010966
2019-10-18,-0.004387248246097723,-0.009656204045567145,0.0,-0.001067306413452129,0.0047912323118523845
2019-10-21,0.006756421844009244,0.008829240578509569,-0.007550758825781866,-0.004781550075213642,0.017194227055298175
2019-10-22,-0.0032718850522163684,-0.007995029090380584,0.00583010964621076,0.0029287043785159624,-0.002289497423197641
2019-10-23,0.0029055755015610714,0.0019268139947130306,0.001004005809745887,0.002351027592914482,0.01332944727934621
2019-10-24,0.0016321431885154775,0.00968154069976909,-0.0020096156427788356,0.007090719694468963,0.0016437383570628858
2019-10-25,0.004086711095640931,0.00795413712894825,-0.0048972420994135395,0.0023289599557340403,0.012241311238896857
2019-10-28,0.005620725660413332,0.009816971813455273,-0.009137728184625021,-0.008637230479381003,0.009966930138257453
2019-10-29,-0.00029667819679912125,-0.007774460485192768,0.0006562081759099804,-0.002776885194246242,-0.023399558317590167
2019-10-30,0.0030625786708473293,0.0048342793672864785,0.014527344240406538,0.005475210184932403,-0.0001233139751529008
2019-10-31,-0.0026667691563924544,0.0004569366672198139,0.013400544107526814,0.009948844935468628,0.0223577360360663
2019-11-01,0.009221027602632043,0.009041143675829942,-0.0030834204769763047,0.0009123470738276627,0.027985573515449037
2019-11-04,0.004009730978045536,0.006166401609280524,-0.013248473617605828,-0.0028801514371747305,0.006545598363248613
2019-11-05,-0.0011068041943550532,0.0005494643059584481,-0.011310683733723854,-0.016312331868591004,-0.001437888472933351
2019-11-06,0.00022808088937853634,-0.002250109759363518,0.006033713884510033,0.004281068530555171,0.000427819770477775
2019-11-07,0.0035105964427422738,0.0033482126343986757,-0.018284832991037676,-0.015643205521891117,0.011474922554132919
2019-11-08,0.0024630204747452603,0.0039835263311872315,-0.0042154955548582415,-0.0063847338065501705,0.002733002174725561
2019-11-11,-0.0019115303816018329,-0.0013427398933417304,0.0006666080378332254,-0.0024048241483873045,0.007887620181376686
2019-11-12,0.0021058384167092817,0.0028819449881673075,0.004581718973026507,0.002695874927586959,-0.0009157030662083708
2019-11-13,0.00032347333546289,0.0002482098184725587,0.006468088050486616,0.003994072881030811,0.009536186816609782
2019-11-14,0.0014547159780843159,-0.0007942047881391874,0.010276730298840034,0.004194711040663475,-0.0069437188659461834
2019-11-15,0.00721036241332899,0.0073206000323869065,-0.0010890884468688364,-0.0025291110010524226,0.011809412973929196
2019-11-18,0.0007371034536313587,0.000788257968126915,0.0018140230758590928,0.002962025072169786,0.005029374294796951
2019-11-19,-0.0002883857939912126,0.0014764280780887988,0.008297708099468818,0.0005049030061831341,-0.0030371468301609228
2019-11-20,-0.0037256113965087583,-0.006016870739231618,0.010294566723199271,0.0005045382424530197,-0.011709705503915117
2019-11-21,-0.0016101428080271894,-0.002228727592113915,-0.006278225608013613,-0.005492097356825017,-0.004493524503498986
2019-11-22,0.0022214668736638406,0.0006443283230143504,0.0012872483488603238,-0.0018857951599790925,-0.0008779192290297689
2019-11-25,0.007720008940013536,0.011772023416241834,0.0029265530939092104,-0.004803179633254922,0.017381690980347156
2019-11-26,0.002263518305079153,0.0019078491189025608,0.005827081058864598,0.004803179633255016,-0.007839220845802974
2019-11-27,0.0044472648029111675,0.006964751943118633,-0.002909524660430546,-0.005314014225370608,0.013342776977528038
2019-11-29,-0.0037154270190614433,-0.0045727853465306065,-0.0021335099102583422,0.006184806112979683,-0.0022050842968750505
2019-12-02,-0.008530910883213854,-0.010291724985817072,-0.013423199796871026,-0.0005079436043828876,-0.011629888883417917
2019-12-03,-0.006729246887825679,-0.007863233528240723,0.0207507445624107,0.009534253178573626,-0.01799099104988413
2019-12-04,0.006151580998420771,0.005051272850633445,-0.010035238356659435,-0.0013667767637935283,0.008787762278176356
2019-12-05,0.0017958848685396254,0.0019741466115819014,-0.004876290516349971,0.0005757184354598549,0.014564245753794204
2019-12-06,0.009092627303869888,0.010641866018659532,-0.005549771221868874,-0.009977704836757457,0.01913232587679262
2019-12-09,-0.0031488823606078777,-0.004546895116512233,0.0021660506498742908,-0.0002906488870483782,-0.014099432356836156
2019-12-10,-0.0011158384357146112,-0.0008331079912053339,7.202615088110875e-05,0.002830699660654389,0.005827455418230674
2019-12-11,0.002834921083023325,0.005282316099137352,0.007830280597671819,0.006861935627691577,0.008493623949814979
2019-12-12,0.008581943875347092,0.007436566830630042,-0.01659506996382929,-0.0035334849047766476,0.0025448328841063982
2019-12-13,0.0005991734252051266,0.0032873529761573567,0.011501309848558836,0.004468872836715887,0.013501713990834632
2019-12-16,0.00684611794982161,0.009989032614101404,-0.009030603361200814,-7.198939739749056e-05,0.01697291854830063
2019-12-17,0.00021938996759611484,0.0005732120916560628,-0.0013801029761702777,-0.00021577975709612248,0.0019635121269406474
2019-12-18,6.226899504306858e-05,0.0007637972752134523,-0.008246129318945977,7.200493236905694e-05,-0.002391999726133817
2019-12-19,0.004090746847815501,0.006232304525818541,0.001598587932428254,0.0025862126377012157,0.0010001217625730508
2019-12-20,0.004374715557996777,0.004022900638558798,0.0013182138153130633,0.0010039397404910592,-0.0020732773343230385
2019-12-23,0.001526666231444662,0.002637663569204378,-0.0014646178585268313,0.003077203372165587,0.016186517316879406
2019-12-24,3.0979446387221155e-05,0.0005193919389955325,0.002854097675367785,0.009387789011397068,0.0009501679437590823
2019-12-26,0.00530916976930464,0.008785304191681133,0.0024085311564071843,0.00782659080315549,0.019645811217414624
2019-12-27,-0.00024779100548230664,-0.0008421175418271124,0.0010934843379106385,-0.0003512560225688557,-0.0003792277372407375
2019-12-30,-0.005528563369556415,-0.0065754504249910875,-0.00364802362753818,0.0021055808220621446,0.005917573290601689
2019-12-31,0.0024261914968973547,0.0018827544396472458,-0.009842175054729153,0.001891143454574884,0.0072799445562560985
2020-01-02,0.009308713878462728,0.01655967092167859,0.011229595229552051,0.007320953634035891,0.022559750678289497
2020-01-03,-0.007601052692843085,-0.009202205737907549,0.015283015344550692,0.013181265882528811,-0.009769497040951801
2020-01-06,0.00380774832929081,0.0064227704071622834,-0.005694296084833703,0.010434868967011986,0.007936671149556354
2020-01-07,-0.0028157772911024154,-0.00013927393493925398,-0.004928460129031319,0.003927428056507489,-0.004714174906121387
2020-01-08,0.005315539638247065,0.007488141130300391,-0.00663259470391304,-0.007529802584635164,0.01595821727419516
2020-01-09,0.006757783290892978,0.008437470415657691,0.0035043047553540755,-0.0056676844863565315,0.021018631312093996
2020-01-10,-0.002881756092668743,-0.002560350533376036,0.008851564986222029,0.006008107616788398,0.0022580288663539257
2020-01-13,0.006853723526217432,0.01147112754832639,-0.0030382973735373804,-0.007447144703816297,0.021139481882510053
2020-01-14,-0.0015260094276313076,-0.003945621780758043,0.005130653389610297,-0.0008919411826434922,-0.013595345116642536
2020-01-15,0.0022572606142475357,0.0004089127792804545,0.0066094939073295346,0.005817289492435278,-0.004294553086334109
2020-01-16,0.008283994055129468,0.00953787219988096,-0.0031557640407354937,-0.0015707412123407796,0.012448378416131955
2020-01-17,0.003107803393958046,0.004936570340122829,-0.008584383256204383,0.0018437252860089575,0.011010298670918161
2020-01-21,-0.00196018193987582,-0.00044777990962257706,0.010450729390706548,0.0010909837309721073,-0.006799954701440326
2020-01-22,0.00012064611299553546,0.002638838063713526,0.003506940827740913,0.0003405975107135845,0.0035630740659151655
2020-01-23,0.0011464697254466778,0.0032111343053650154,0.006977849651983925,0.002245598875511729,0.0048044066036663806
2020-01-24,-0.008932865164723138,-0.008450858221138231,0.008056258826183521,0.0058285535187767275,-0.0028865152298605153
2020-01-27,-0.01615926357674248,-0.020871956700865685,0.015434180997712288,0.006802125843070944,-0.029846102369673055
2020-01-28,0.01042444133037256,0.015242990414924046,-0.007861707063399467,-0.00896686803661793,0.027896630063873516
2020-01-29,-0.0008265817199849846,0.0016244014941131464,0.009732203548212177,0.005403248480831511,0.02071643609744829
2020-01-30,0.0032402759677236377,0.0035554884894188525,0.00013762109514352578,6.731894098032181e-05,-0.0014501629946230591
2020-01-31,-0.018324591863204946,-0.0159852082762211,0.00908875178207034,0.005775708477189364,-0.045351689691090345
2020-02-03,0.007400821758330689,0.01499624516395429,-0.0008103695597881579,-0.006516877595597702,-0.002750249105278735
2020-02-04,0.015126561731038294,0.022630886125398663,-0.013559032269055322,-0.013094308186782415,0.03248030750120386
2020-02-05,0.011481742150080711,0.003291524589932166,-0.01099470109403977,0.0012285555646719122,0.008121430239219444
2020-02-06,0.0033595213313335863,0.008594988640309463,0.0044967916598426805,0.005373934234125879,0.011628850721815473
2020-02-07,-0.0053440938993216435,-0.004310227453471102,0.01240056306217618,0.002642363450658169,-0.013685542169624098
2020-02-10,0.007437441679727045,0.012013172239038469,0.002765869040992327,0.0025679490647931946,0.00473821271745692
2020-02-11,0.0017318519558050809,0.00017246681054816575,-0.005052819680693783,-0.0034478924308700464,-0.006051692011718827
2020-02-12,0.00642184339471681,0.009694040730997092,-0.0050789266763367966,-0.000813078481224605,0.023470270914507475
2020-02-13,-0.001067546497842865,-0.0012815638372648715,0.003828315306704636,0.005677303718111386,-0.007146597804621932
2020-02-14,0.0016008432221291827,0.0028594507643312007,0.004367816414470009,0.0041697222765956264,0.00024635502799386175
2020-02-18,-0.0025800743150888043,0.0003834086451407519,0.006826124235939783,0.012737350951843347,-0.018480335097624846
2020-02-19,0.004769544247693952,0.009539820741692445,-6.921444931648271e-05,0.005814285510176441,0.014378767094851072
2020-02-20,-0.004116418774325371,-0.009326759550339694,0.007802603699729741,0.0040763395182913265,-0.010312060642160337
2020-02-21,-0.010351927729339634,-0.019396376157137928,0.009297963749144031,0.014913455926308593,-0.022894702314760127
2020-02-24,-0.03372759333719598,-0.039326630270853966,0.014817880661608347,0.008945002656717951,-0.0486658226947842
2020-02-25,-0.030770826849982277,-0.02756822642128654,0.005310455447053268,-0.01803593472393269,-0.03445900833216516
2020-02-26,-0.003685073785035024,0.005140558773988167,-0.005310455447053197,0.004360980385151266,0.015739168879468593
2020-02-27,-0.04595125896898482,-0.051371248692624244,0.010789921211678813,0.00019481624361363943,-0.06760265080733045
2020-02-28,-0.004210725767410937,0.0007779618316767824,0.022332860374838847,-0.03717601874476565,-0.000585569183669148
2020-03-02,0.04239524378221341,0.05031604988044027,-0.007385015378353737,0.005511083646655957,0.08901882312948323
2020-03-03,-0.029050150786408414,-0.032592723083885375,0.015406354877097453,0.030950390194086085,-0.032274462549142596
2020-03-04,0.04117324905781839,0.040875708758648405,-0.010675096981207373,0.001752990351755443,0.045340929871590774
2020-03-05,-0.033806508344330445,-0.030853464662933903,0.02458672044305955,0.021370951204574475,-0.03297478491778881
2020-03-06,-0.016669376613127916,-0.017016275432930217,0.050734808792136564,0.0003808885074389379,-0.013369389531514802
2020-03-09,-0.08131281531761285,-0.07199490492448352,0.026742400345341862,0.0016488747161249012,-0.082395043327062
2020-03-10,0.05045107876057813,0.05301981476440932,-0.052618358340180624,-0.02132715182628954,0.06954608668709782
2020-03-11,-0.049977006134950604,-0.04453198938709359,-0.03749149846026153,-0.0035667044227174947,-0.035347874431811054
2020-03-12,-0.10056900356991505,-0.09617115074722417,0.006177150724139375,-0.04070560424243849,-0.10397801169829077
2020-03-13,0.08202820318096606,0.08130865520063728,-0.02286248140012534,-0.03099155256530076,0.1131578299462542
2020-03-16,-0.11588649805800295,-0.12759241549474487,0.06275477778877396,-0.011512126298224866,-0.13770809346542673
2020-03-17,0.05258483824729384,0.0731034583877001,-0.06900983957362021,0.01346442633870517,0.04303070603817659
2020-03-18,-0.0519596904955062,-0.03088833220760748,-0.058066500720838424,-0.02012310684271081,-0.024784600949889383
2020-03-19,0.0021228476497910163,0.00598434052151768,0.026861410162906114,-0.019086492837834465,-0.00769162280972423
2020-03-20,-0.04405069778297676,-0.0399640906477752,0.072502373724915,0.014884383146683595,-0.06559010692752518
2020-03-23,-0.025900293558138446,0.0007219276318260548,0.040382757678158195,0.043231496146295734,-0.02147310954445732
2020-03-24,0.08673059345932906,0.07458553123190721,-0.018789821990625254,0.047389520259250466,0.09560571695253017
2020-03-25,0.01485944084087763,-0.007432510695982092,-0.002273676177795757,-0.013784208180364264,-0.005523692087266565
2020-03-26,0.05674846781535423,0.051320568406907616,0.004910169890200996,0.012740714714697083,0.051285025017887946
2020-03-27,-0.030238165431766006,-0.0349981769485842,0.026342283767326013,-0.006481449089244015,-0.04228366163290817
2020-03-30,0.03195972110589018,0.03572745719466857,-0.008263193231268336,0.004390990264267052,0.02813821303657675
2020-03-31,-0.015017784085355264,-0.008576532838586044,-0.008149336666148324,-0.032364821693651916,-0.002042808628866345
2020-04-01,-0.046048988083324464,-0.043418543195293854,0.013912983351101993,0.009411793149400162,-0.05405182083756268
2020-04-02,0.022813182515042153,0.020091924859687,0.0063258960645894155,0.01626050111056189,0.016548973550676385
2020-04-03,-0.01455947522131983,-0.014294444492593764,0.0023764958504896754,0.004925309776577716,-0.014475555423615515
2020-04-06,0.06500644435056105,0.06905452150469127,-0.0026146515892001513,0.02733353381543522,0.08363974930996405
2020-04-07,0.0010190302318176976,-0.00040697301357477643,-0.010527511387682015,-0.005368871400719198,-0.011649754206181666
2020-04-08,0.03301724065761655,0.0210097261646494,-0.00730321153172596,-0.008947881947437637,0.0252725277840298
2020-04-09,0.01510287117598905,0.0014446823973832711,0.0018159856693637753,0.025788169295063085,0.007189745220691867
2020-04-13,-0.009171921413044624,0.010745715333135408,-0.009172036904324977,0.01699510551392902,0.01943767138837942
2020-04-14,0.029066015026379247,0.042572058873379885,-0.0002438441869984285,0.007837301543346824,0.04926969901926331
2020-04-15,-0.02147705521602604,-0.011536369748530874,0.02614459031471377,-0.005115017933585634,-0.009169412644262636
2020-04-16,0.004813116051602085,0.018075867146124733,0.011292715996760872,-0.0008653689753940822,0.007914416214152599
2020-04-17,0.0266567340125468,0.009520805568267782,-0.013495361493087166,-0.019608466717140425,-0.01366168931710636
2020-04-20,-0.017775005662878058,-0.011915275223020978,0.008012636514007626,0.007100853720992193,-0.020975032440720968
2020-04-21,-0.03083385870344014,-0.03759764840804007,0.012512839237819418,-0.006848673348053854,-0.031398192338738085
2020-04-22,0.021952130353771446,0.029242711164278748,-0.010268832599612318,0.019479888950845802,0.028396364644063254
2020-04-23,-7.208564348543792e-05,-0.002135297760192102,0.005294234027313479,0.009905643795524405,-0.0038827853779114896
2020-04-24,0.013842357490727075,0.015647382411599315,0.0023438006036904835,-0.004294729942651925,0.028460600227847604
2020-04-27,0.014315586069171955,0.008011238386257249,-0.018788946811079146,-0.00666258998355511,0.0007066418771587409
2020-04-28,-0.0046089166167563355,-0.01901428513199647,0.011445354779736449,-0.004466516323334757,-0.01634236800048727
2020-04-29,0.025841499722455415,0.03484704395465818,-0.005202308890608841,0.005518192454017435,0.03231726612275376
2020-04-30,-0.009353864736530687,-0.0004110894335426819,-0.011745109846573681,-0.018282683683788697,0.020877020000925884
2020-05-01,-0.026830392952136968,-0.02859005518302204,0.0085264660914935,0.0061522933833428935,-0.01623039397050448
2020-05-04,0.002754441744603615,0.011589969638790758,-0.004715035984562769,0.003498676361159418,0.014049778669780763
2020-05-05,0.009196818934292644,0.011273330609659094,-0.006421600388341854,0.004232069630406605,0.01489695201646129
2020-05-06,-0.006801547710811516,0.006137844368115013,-0.01626773340003896,-0.012938939248234135,0.010264483578788057
2020-05-07,0.01199456505037833,0.01279436973059028,0.01656932647567887,0.015234124108560072,0.010291808990009248
2020-05-08,0.016410615067313287,0.013611714990308667,-0.013086982298283463,-0.006028427741239837,0.023523162524922425
2020-05-11,0.00020522844506480454,0.008898990143081459,-0.007836033036067567,-0.006253147010599243,0.015612428003016057
2020-05-12,-0.020132759227953455,-0.02115923281282346,0.010211756565738217,0.0038815245238018456,-0.011493908492171372
2020-05-13,-0.017844095095663978,-0.0125947210235436,0.006972077302130019,0.009576645345897673,-0.012147494403728967
2020-05-14,0.011896034687567728,0.01128812067044069,0.009739494540642093,0.008811127536123346,0.006124746914347737
2020-05-15,0.00458639116926396,0.006470708177855549,-0.0025760785012367035,0.005627947839551041,-0.005929674388404662
2020-05-18,0.0300050883169864,0.01846059534102417,-0.02219857212530873,-0.007592898231851983,0.02328777321176934
2020-05-19,-0.010324325636532536,-0.002509415096380486,0.0037340960433588713,0.009603940342589153,-0.005795156432745492
2020-05-20,0.016845178679477425,0.019771592658338076,0.002989291808226244,0.0023714668825757603,0.01926119296104113
2020-05-21,-0.0069278725592737825,-0.010950641585434353,0.002494962497165186,-0.014683616168536867,-0.007483314279328982
2020-05-22,0.0018973718905409063,0.0034461153738422653,0.0059982636430459865,0.005899400714775776,0.006417691848683449
2020-05-26,0.01224532561746458,-0.002703458956783402,-0.013501011987929051,-0.014316858429627,-0.006796518081368477
2020-05-27,0.014769511654889603,0.005442783806932085,-0.0018380902072730422,0.001800809585778032,0.004347316846339486
2020-05-28,-0.0018466445546836384,-0.0013036321648312147,-0.0036873559884660193,0.0033447448656947374,0.0004403136343258115
2020-05-29,0.0044457370459709345,0.01454655966707376,0.0071159296927616475,0.007331471236597383,-0.0009747103740838384
2020-06-01,0.004033685444982416,0.002995030186873764,-0.006755107574709541,0.004593203918142176,0.012222969567234392
2020-06-02,0.008246176089668798,0.006685564433819247,-0.00364242905247729,-0.006497892824854574,0.004618742510163401
2020-06-03,0.013220774892655062,0.004488390935342212,-0.013386631304954507,-0.01862251139241922,0.005489954530450964
2020-06-04,-0.002630272807276003,-0.007038155088363262,-0.01458441200451807,0.010471254055873179,-0.008649198304243105
2020-06-05,0.02530643640274056,0.019633196311339734,-0.007149291793305908,-0.02048368991541374,0.028082660017427596
2020-06-08,0.012014674143584536,0.0077300179203096345,0.0038367723133908302,0.010764002439043798,0.005895203829284021
2020-06-09,-0.007484282342292355,0.007218852265160575,0.011294072388987221,0.009595645355064148,0.03108985665096825
2020-06-10,-0.005595511260886564,0.011930178671813924,0.014718360748973529,0.014223142854853236,0.02540204488760746
2020-06-11,-0.05937766001837624,-0.05081884057676222,0.018725248836345826,-0.007240232329265166,-0.04920122315886356
2020-06-12,0.011904494736540415,0.007916499420767263,-0.009688233701761707,0.0014153150353447643,0.008596395599533395
2020-06-15,0.009292712316761355,0.012093871166394283,0.0005539099170096811,-0.0017848491512042477,0.01229149933636172
2020-06-16,0.01906443343305319,0.017026932506051112,-0.015452094780382699,-0.0004929560183834836,0.026156934010674794
2020-06-17,-0.004162407597515644,0.0031657609827889666,0.004118958452089265,0.0019087937874243815,-0.0013927433630097448
2020-06-18,0.0003850029524510456,0.0027055185044972873,0.010532410356724734,-0.0019703951105462295,0.00039821417544536313
2020-06-19,-0.005731335013852146,-0.00016377829578330527,0.0008007259715687119,0.010972576221366465,-0.005730928888691499
2020-06-22,0.006394810995436692,0.011921226501115342,0.00012314894555852884,0.006441427074830093,0.025827323971339206
2020-06-23,0.004592856337550293,0.008474891579793623,-0.006857919461155509,0.008384398864595731,0.021120175598312158
2020-06-24,-0.025839844761051885,-0.020830855728054556,0.01066836856446551,-0.0034899960158010397,-0.017809766099637928
2020-06-25,0.01066368367345626,0.009474363960971514,0.002878668905642822,-0.0006028992986150158,0.013188108386102137
2020-06-26,-0.02403802724384414,-0.023898425215108467,0.010646713486886412,0.0044532193863769335,-0.031207636348428762
2020-06-29,0.014590775345694978,0.010847506174250522,-0.003152163030028944,0.0005403343600226875,0.022785351133020406
2020-06-30,0.012727934390927743,0.01941200189639918,-0.004868113861261392,0.004431086497931087,0.008312663227302777
2020-07-01,0.0069805725796513425,0.011604422303808239,-0.0019438993180165979,-0.004491160110102202,-0.0018932624816170947
2020-07-02,0.005491595147321767,0.006763831987359699,0.0010395847218126913,0.0021582779375089872,0.0
2020-07-06,0.015319549924707939,0.024287396611002477,-0.00410341970943115,0.005970880083946397,0.02639899945985421
2020-07-07,-0.010367236230241467,-0.006913060844626827,0.013957820968542808,0.0062904343270385864,-0.003107916724229223
2020-07-08,0.007619230191697112,0.013086051234692106,-0.00400317166488283,0.006192353605402356,0.023023128906327565
2020-07-09,-0.005709367564707645,0.0083880917810554,0.015796632013158583,-0.002708063902871328,0.00429106244362421
2020-07-10,0.010159094947825619,0.006804091182554018,-0.005037209722996516,-0.0025972650920347735,0.0017478879966358351
2020-07-13,-0.008696752263451905,-0.02078491220523839,0.0033009629288124004,0.0012403879870823364,-0.004623864582777664
2020-07-14,0.012875780170984785,0.007052946174256519,0.0014373561910797313,0.004652728164010819,0.01641282830029009
2020-07-15,0.009145107903704118,0.0020338244813006092,-0.004678271741400626,0.0008809438623464781,0.006853917862891444
2020-07-16,-0.003298533701367427,-0.0068457780459729115,0.004738252593183567,-0.009496639325154646,-0.012381272310369193
2020-07-17,0.0028946453979035065,0.0011568583158302807,-0.0020967913038246566,0.008204262794308569,-0.0020224793328265773
2020-07-20,0.008049074180107715,0.027976048722937935,0.002455514695654166,0.004808590336846309,0.02085497999189508
2020-07-21,0.0021258342378026995,-0.010475349931954371,0.0005980930912313434,0.011978962477666387,-0.013897842675257628
2020-07-22,0.005675447154880927,0.0035167302012879187,0.0029842456219940456,0.015087942737564556,0.0028054067119851513
2020-07-23,-0.012003407019088084,-0.026467382931252153,0.01161381280128152,0.008786586410813348,-0.046584717405769124
2020-07-24,-0.006461269958699288,-0.009541234663507581,-5.9055048630016866e-05,0.008542281441677423,-0.0024806062377322672
2020-07-27,0.007265988397746415,0.017685877142539285,-0.0037186034494366233,0.019561196964697856,0.023423795899065382
2020-07-28,-0.006362501665393012,-0.012806562747343531,0.006895023997355968,0.008306536040413818,-0.01656363037485493
2020-07-29,0.012223631686621342,0.011460065429571443,-0.0017047217737241414,0.007482169283186,0.018986461997244856
2020-07-30,-0.0035741978672120377,0.005221923110107295,0.006566680714168505,-0.007427778888433271,0.012027617517145385
2020-07-31,0.007870958356602648,0.017688164700499463,-0.0006428260701693898,0.00904688435302792,0.09956370873974883
2020-08-03,0.0069280307813389475,0.013416342517215385,-0.005047488188590388,0.0011318982444248418,0.024885468061083695
2020-08-04,0.003855216843925131,0.0037051819617194594,0.009487128739028215,0.021054515412853636,0.0066558458507181015
2020-08-05,0.006191761307536254,0.0024746973267367033,-0.008781212414144106,0.009240417270834574,0.003618319553843227
2020-08-06,0.0066623449886324,0.013158386551975884,0.005570278277204088,0.013186741026147062,0.034294215408915515
2020-08-07,0.0007174952017712006,-0.011609663095927267,-0.006688173774943088,-0.016012829047696152,-0.022998186708260652
2020-08-10,0.0029845269294323405,-0.004282103742592359,-0.004483584663858741,-0.0034649534714480275,0.014430100076373534
2020-08-11,-0.008288841364162431,-0.019123065391863637,-0.011956876708437723,-0.0551897267189793,-0.030190885474455646
2020-08-12,0.013846033025100719,0.02484057796842568,-0.009136803664621723,-0.004679132411383586,0.032693855357614626
2020-08-13,-0.0018095515448188217,0.002278230438232489,-0.010746525151102655,0.023343474417206588,0.017542768356300233
2020-08-14,2.95367649088842e-05,-0.0011752650824619747,-0.003914648377071025,-0.004318527254207777,-0.0008915910260017283
2020-08-17,0.003172032599648839,0.011544196118822445,0.002509162251923944,0.02146194877539166,-0.0026143429784086466
2020-08-18,0.0021580464607613065,0.009579030371746658,0.007126782911130883,0.008967673573403242,0.008298187408592585
2020-08-19,-0.004172846325549021,-0.006750215598827703,-0.006271333040660284,-0.03207438281593019,0.0012543697818987556
2020-08-20,0.0031091594960396055,0.013776604012637373,0.008998817509651426,0.006890137653281628,0.021946668506391237
2020-08-21,0.0035410693078089858,0.006906301784081826,0.005974691584261122,-0.008043165542872153,0.05024862592854874
2020-08-24,0.010081893038596404,0.006224532968406949,-0.0016261529378167167,-0.005674470685927035,0.0118892829567254
2020-08-25,0.0034933361905328704,0.007831907192300326,-0.007683509578557689,0.0012147382641175607,-0.00823754230555762
2020-08-26,0.009975728038506125,0.02111429450467214,-0.0038333739918158774,0.011739667325137685,0.013507225086525939
2020-08-27,0.002184010650620359,-0.0031215872701086645,-0.017154782057528874,-0.011629286747359606,-0.012026178239332051
2020-08-28,0.006438896379856611,0.00507234679634014,-0.0007445887672966624,0.01723092629924,-0.0016211939842883344
2020-08-31,-0.003629059739854506,0.00800121550668792,0.006619129375153309,0.00238341719432408,0.03334972923753496
2020-09-01,0.009374253689898256,0.01694712219796849,0.011372357239395472,0.001189581722410416,0.03905980662921002
2020-09-02,0.01436049679959161,0.009424931292311733,0.009475517364189459,-0.013218610873058246,-0.020936090533973713
2020-09-03,-0.035020632633465,-0.0520306594189405,0.00283742466713681,-0.008137254873336977,-0.08344759903451758
2020-09-04,-0.008198004980586874,-0.01341564165980738,-0.019171460760321207,0.0027564932922231992,0.0006614461749386462
2020-09-08,-0.02770310937184142,-0.049257486189494576,0.006126445042920428,-0.0019287808618004912,-0.06966638160922513
2020-09-09,0.019554662207006877,0.028952293615543225,-0.0026918605666434617,0.009661434230238847,0.0391116991776164
2020-09-10,-0.017516174215045602,-0.02013794414388516,0.005070191935863834,-0.0032283485242562797,-0.03319052025478558
2020-09-11,0.0005088991647276185,-0.006963837811536388,0.0021305832324276554,-5.4861557792618405e-05,-0.013215804667234805
2020-09-14,0.013085427344220565,0.017265393586213283,-6.103118915988564e-05,0.00786160327773618,0.02955888262319981
2020-09-15,0.005039597995633491,0.014074090356056211,-0.002434809363268032,-0.0023956152677241513,0.0015589375960126334
2020-09-16,-0.003976183607416866,-0.016075063796891387,-0.0029912251560534524,0.0028305733071044763,-0.029957776050504724
2020-09-17,-0.008834264755004751,-0.015745310200221598,0.00305273641028581,-0.005505121062685115,-0.016092419040028283
2020-09-18,-0.011579402111850934,-0.012844898235705442,-0.0031137710899104857,0.001310849171618332,-0.03223409699155492
2020-09-21,-0.011192156737870199,0.002395542423580792,0.005061509987673967,-0.020291789448272826,0.02987495721190185
2020-09-22,0.010133013052879078,0.018408106680511006,-0.0007909941313892373,-0.004858095828927072,0.015593587067408508
2020-09-23,-0.02346404974189622,-0.0310100772207432,0.0013387221509137378,-0.021843335368817322,-0.04285123006700325
2020-09-24,0.00266188021283024,0.004645244537684448,0.0038219879444167312,0.0037119030895910897,0.010216427558455449
2020-09-25,0.01603761459603496,0.022982651332067332,0.0,-0.0028540460781505306,0.03682975131787956
2020-09-28,0.016473194917731884,0.020556231952824345,-0.002849796397431286,0.010010290107421884,0.023588526099402006
2020-09-29,-0.0054614638450989185,-0.004519594193454403,0.0011535122688175888,0.008397048385655496,-0.007596797840131153
2020-09-30,0.007553520273002427,0.006825854647011996,-0.009632196507350633,-0.006022969047958764,0.014963370851055438
2020-10-01,0.006399592877362278,0.015747620771406453,0.0016482034430959265,0.008880963695329078,0.00842650235912329
2020-10-02,-0.009539863452959138,-0.02853414706358615,-0.003740561801729906,-0.0008957769408936138,-0.03281267115697661
2020-10-05,0.017577829396276456,0.021101935883954467,-0.019732903370700036,0.004861081696310086,0.030326461615420377
2020-10-06,-0.014317928585110603,-0.0180081878744946,0.005375427064679414,-0.011830479550692698,-0.029088613064951526
2020-10-07,0.017256727598892112,0.01715109486528744,-0.007320203890413447,-0.00045132478533539146,0.01682501513827288
2020-10-08,0.008823539130630552,0.0053088091618885445,0.005385750070043149,0.0035486272055745486,-0.0009564582046092325
2020-10-09,0.00889055165860518,0.015164699075491209,-0.00018733100906979038,0.017998399966815504,0.017246130071993614
2020-10-12,0.01595937320451738,0.03040333136055961,0.0031807659779899103,-0.002875813691634357,0.061584845829918064
2020-10-13,-0.006547194036913454,-3.3737185294864785e-05,0.007134801938035149,-0.01585383405158326,-0.02688529490655321
2020-10-14,-0.006303221753142519,-0.00838768968226255,0.0022847175922939634,0.0030899939936110464,0.0007425340626829387
2020-10-15,-0.0012367958862569575,-0.006733470987564589,-0.001728370921732249,0.003639489400711449,-0.003968542912369505
2020-10-16,-0.0006043260813490802,-0.005495904127747001,-0.0027843851278765435,-0.0034712263457632483,-0.014099334132302252
2020-10-19,-0.015320290470966488,-0.01646042687217077,-0.0037870944072783373,0.0005046193567768562,-0.025873736199242443
2020-10-20,0.003997705114514918,0.002147549237085397,-0.00956147953731392,0.004809318137998378,0.013105547138502198
2020-10-21,-0.0018948377282586805,-0.0007741271720374242,-0.0034598046814462756,0.00750319529892231,-0.005461012098521458
2020-10-22,0.005470312542951718,-3.5075704140014246e-05,-0.010451705368266699,-0.009849030639627157,-0.009629854964131438
2020-10-23,0.0033896611172684232,0.0019684402859492544,0.006094669448564042,-0.0010630400237792174,-0.006152595351505828
2020-10-26,-0.018652884269934823,-0.015109569786630047,0.009259979474810257,-0.0005039129828936211,8.688595220141177e-05
2020-10-27,-0.003453202421292865,0.007777967734556489,0.006686653128089936,0.002628864176270774,0.013382595623849447
2020-10-28,-0.0347767683064502,-0.039766951141576176,0.0009344118438303374,-0.01627516884164325,-0.04741888640279927
2020-10-29,0.010112149520611624,0.01733524617804418,-0.009754934848906301,-0.004153341326592121,0.036380452739337335
2020-10-30,-0.010479667803641833,-0.0256899600288165,-0.0099145546220761,0.004550651041840146,-0.057648378624172894
2020-11-02,0.011145995097911058,0.0022251066918778117,0.007462276228201638,0.00965812884851217,-0.0008270329596843423
2020-11-03,0.01750207002532519,0.017149338376317675,-0.005818414958816596,0.0056609432999779495,0.015236941745359698
2020-11-04,0.02210311001135724,0.04367100438709447,0.021460181531165846,-0.0005590140649358909,0.040024903367449495
2020-11-05,0.019314801667288696,0.025737156817709213,0.001736899240686378,0.022723771699055755,0.03487821668213638
2020-11-06,-0.00022825014961681535,0.0007468867793014464,-0.01215815479193064,0.0014203529597109255,-0.001136779431568631
2020-11-09,0.012487427596152137,-0.020645569082283977,-0.021239084558529978,-0.045280856143465276,-0.02016989245071579
2020-11-10,-0.001467758277073208,-0.018077027011566476,-0.005783520364124327,0.0033073065556014952,-0.003013640584794592
2020-11-11,0.007401156515216896,0.022123054710782467,0.003602043119227265,-0.00433598220930235,0.029901268496077403
2020-11-12,-0.009748318433078109,-0.004704587244612079,0.016874841023572767,0.006042387508780373,-0.0023460117535877077
2020-11-13,0.013749631655934642,0.008734310549563319,-0.0013266253046119963,0.006796565090032186,0.00041923116304190154
2020-11-16,0.012405201152299644,0.007772242562352927,-0.0024058232521563614,-5.650286865533134e-05,0.008682639941822322
2020-11-17,-0.005393064161325774,-0.0031770047247210707,0.006506816940125206,-0.0036759204841880807,-0.007593276757793962
2020-11-18,-0.012107367474000302,-0.007418067680157661,0.002892372818562345,-0.005738783845972931,-0.011456592362341119
2020-11-19,0.004201144638597933,0.007794451540021295,0.005135723807818866,-0.0018822296869570197,0.00515476489378367
2020-11-20,-0.006871370229668463,-0.006863594273962333,0.008830248987822786,0.003021229432643738,-0.011017930294276715
2020-11-23,0.0059765763785098215,3.42181662322871e-05,-0.004591772783523176,-0.019890324232127853,-0.030193845266054356
2020-11-24,0.01598523420724276,0.013952384402871788,-0.010002532156227843,-0.015447030279527764,0.011527611390842156
2020-11-25,-0.0015428457424401091,0.006127642646891347,-0.003082758326850721,-0.0004718480371509017,0.0074392883859438885
2020-11-27,0.0027809147233699883,0.009172059748884414,0.009657985201851104,-0.010198732236165305,0.004814734773235146
2020-11-30,-0.00443679784640902,0.002037681732365766,-0.0012485843256959046,-0.006697358920117144,0.020880151313704708
2020-12-01,0.01087799236569863,0.012734733237542034,-0.014854472227086057,0.02084085881536413,0.03036175595520705
2020-12-02,0.0021014079559859926,0.0012845006090472333,-0.007968140290066037,0.007493385024315116,0.0029293210720688725
2020-12-03,-0.0002726246005334401,0.0014143131593072785,0.008032131930348494,0.007842668530553789,-0.001138231891824772
2020-12-04,0.008580878401778652,0.004066826696289589,-0.014775192785595085,-0.00283945502654119,-0.005628340893107454
2020-12-07,-0.0020571547130291234,0.005646654007463094,0.008980565982543579,0.014803945459514797,0.012195299539678702
2020-12-08,0.0029221636452733913,0.0033791970364789154,0.004714018091971379,0.003481841534737405,0.005077929458560644
2020-12-09,-0.009009651848989053,-0.022901122317098038,-0.0033096639953417778,-0.017241806434506103,-0.02112513311382734
2020-12-10,-0.00032715877172220353,0.004007672569094337,0.008824264423259983,-0.0019148863181888906,0.011917619786640696
2020-12-11,-0.0011731761797237742,-0.0022171863291905497,0.0035332286637344066,0.001856945469586849,-0.006757629824736657
2020-12-14,-0.004487293492642801,0.007229144231234537,-0.002775545530867016,-0.005522859199322822,-0.005159989961904048
2020-12-15,0.013428822294482227,0.010632467399218595,-0.0033528057363994136,0.013893989774039692,0.04887602015109073
2020-12-16,0.0015684579985955906,0.005484775663896766,-0.002664652791383862,0.005503920929853093,-0.0005475311028504454
2020-12-17,0.0055760921496278626,0.006516057931003636,-0.0026494471647705744,0.01046541004295572,0.006939449703789617
2020-12-18,-0.00400094433660769,-0.003027045635482208,-0.0030023450876560803,-0.0016988680965652808,-0.01597765684127667
2020-12-21,-0.003581775161722185,-0.0018723720592443349,0.0039583988945630835,-0.0031789169989821435,0.012318967085162672
2020-12-22,-0.0016870239514164347,0.0027155098895084526,0.00514709236197253,-0.007934507183398202,0.02806691393418057
2020-12-23,0.0008983165735069635,-0.00504888578008758,-0.006933072704876452,0.006625879072275585,-0.007000293024768705
2020-12-24,0.0038828740037667917,0.004402892929027736,0.0039495964364273705,0.003977347328631379,0.00768258358034394
2020-12-28,0.008553976027934162,0.010028379203444583,0.00044477542728559374,-0.003635744312567208,0.035141029967984044
2020-12-29,-0.0019092491590665926,0.0008952340310102424,-0.0012713121445315414,0.003635744312567162,-0.01340452814892882
2020-12-30,0.0014256471046983003,3.179254199543563e-05,0.0021607282213166527,0.007626026694655132,-0.00856293866914458
2020-12-31,0.0050679044827723705,0.0024573398338502824,0.0014591742400446384,0.0037072651943418997,-0.007732524137456694
2021-01-04,-0.013707633528934882,-0.014220696706664428,-0.0012048733461924805,0.02201425891234798,-0.025030001851176
2021-01-05,0.0068640176623456835,0.008210227741959685,-0.007454303529432295,0.0029572490918935946,0.012287883574632922
2021-01-06,0.005960466978346927,-0.013948737431483301,-0.02074205297711138,-0.016374384156319522,-0.03424107574961169
2021-01-07,0.014748170010543064,0.023903724697415196,-0.008853328157624948,-0.0023373497260989994,0.03355402347085388
2021-01-08,0.00568166738163866,0.012776123749436298,-0.003232821923698081,-0.03480879472366203,0.00859427428305772
2021-01-11,-0.006763762806872537,-0.014555696043249996,-0.0016537814446536722,-0.001963368081678198,-0.023523446300650903
2021-01-12,0.0002111987632294986,-0.0015916488367663933,-0.0007945963567091449,0.006453094143516468,-0.0013965307509316
2021-01-13,0.0026893995021925058,0.006730716782629176,0.011198693634202523,-0.004316677807613859,0.01609630071105038
2021-01-14,-0.0035079566725612996,-0.005361812443422338,-0.009411559908860737,-0.0005192346256867747,-0.01524256929210567
2021-01-15,-0.007319401689792892,-0.007952670474558894,0.003960030279550631,-0.012485246085867416,-0.013825686430839654
2021-01-19,0.007821317136411739,0.014484455679058735,0.0032221922403887025,0.008437377567923208,0.005412573480865699
2021-01-20,0.01374372402112411,0.022994763047088033,0.0009838689052226878,0.016151154600027997,0.03232785733867511
2021-01-21,0.0009111594610922985,0.007967711948450685,-0.0070424093413004075,-0.0006273739671711188,0.036002304463636434
2021-01-22,-0.0035455976291393207,-0.0028844681823844472,0.0032307356831156836,-0.007904302060517928,0.01594567890616095
2021-01-25,0.003935840537908401,0.00823230503168759,0.011717250156279817,0.0008622455288576803,0.02730767285946904
2021-01-26,-0.00156222786780951,0.001461731091305358,-0.0018890723350456539,-0.002473656951145883,0.0016778784159560862
2021-01-27,-0.024743867588399006,-0.028272528012663316,0.002539249442875744,-0.006355778295441206,-0.007713473099131582
2021-01-28,0.008563548832827388,0.005899412491744303,-0.005543271730385648,0.000926931727635592,-0.035611915966904835
2021-01-29,-0.020222824173243573,-0.021262527817995185,-0.00603382880621145,-0.0004054103376829626,-0.038138402413140024
2021-02-01,0.01650849649328317,0.02468017336275811,0.0011582938441000565,0.00934152297824149,0.016384756198500224
2021-02-02,0.014041351459329138,0.01618247259728564,-0.006468193933375788,-0.012242430084677477,0.006317247790408633
2021-02-03,0.000785832789981056,-0.003975404151070002,-0.008912492152696284,-0.0015117720158050482,-0.007808953091480046
2021-02-04,0.011301698598550784,0.011757362839066981,-0.002675903471720858,-0.021765636924135134,0.025431651752504638
2021-02-05,0.003928045810918916,0.0033856383427948653,-0.008408810172216898,0.009823748692690917,-0.0031029860891268247
2021-02-08,0.007196144869370279,0.006677428080956148,0.0043810870468482125,0.01001975221091292,0.0010963521175800627
2021-02-09,-0.0006660798826635538,-0.0002099492542241423,0.0007397757247815205,0.0032595928083516256,-0.006595524228113952
2021-02-10,-0.000435811952404966,-0.002281222856519772,0.006631664289746767,0.003654430629279855,-0.004568829260330719
2021-02-11,0.0016138301638925507,0.00548456889680831,-0.0054898733664366026,-0.008723013798522866,-0.0019220782099725318
2021-02-12,0.004927451916144324,0.005573701550931178,-0.012496961798845532,-0.003041852351548402,0.001774419445867196
2021-02-16,-0.0008663378766552512,-0.0027085962638445085,-0.015344125401347032,-0.014457496034195686,-0.01623552760553299
2021-02-17,0.0002295206416767108,-0.004809699352146851,0.006330648553230032,-0.011417786234196115,-0.017801224142185927
2021-02-18,-0.004264960742368621,-0.004381848559239585,-0.004055013940817597,-6.0090224343136566e-05,-0.008673844514785744
2021-02-19,-0.0017676708026100592,-0.004370979645760236,-0.01338135446690266,0.004139970385631239,0.0012326902525209404
2021-02-22,-0.007721404975218839,-0.026261558386230562,-0.007637391318834129,0.014858231751961605,-0.03025186093352779
2021-02-23,0.0012137851541658869,-0.002981681623728636,-0.002887048844555286,-0.0023033964742125187,-0.0011119840224444889
2021-02-24,0.010958941408980563,0.008209219267930893,-0.006582017781738255,-0.0007097783269727351,-0.004060265707959607
2021-02-25,-0.024390759957993377,-0.03548475294282364,-0.01646519628218318,-0.018995808065307287,-0.035401857242555825
2021-02-26,-0.005166234887354414,0.004178812889253722,0.03252428135977636,-0.024480114534154506,0.0022289635000756806
2021-03-01,0.023951349009733173,0.02963843856939908,-0.013295853331892262,-0.0017319159550744983,0.052451295652875624
2021-03-02,-0.007833818062177932,-0.01616864125767498,7.101518442264944e-05,0.005433148366520264,-0.021115036330323453
2021-03-03,-0.013334068745689048,-0.029449649302545608,-0.010904911949119212,-0.011082728374520621,-0.02476045795355269
2021-03-04,-0.01245237177148569,-0.016502426434476806,-0.0064704939876494925,-0.00988559566723337,-0.015938129607140385
2021-03-05,0.01822964061242148,0.014948553500746656,0.00194522407539747,0.0006286134207733884,0.010681120087148974
2021-03-08,-0.004991340254857189,-0.028722674481850372,-0.0078049440062587265,-0.010422315048141234,-0.04256700251163564
2021-03-09,0.0141767377341985,0.03868315639119287,0.013762111399933195,0.02104806019448947,0.03984526797678371
2021-03-10,0.006205220487589799,-0.002858603810755398,0.0020021823751417015,0.005085327698430273,-0.009208843440405989
2021-03-11,0.01008797289885865,0.022770372991545745,-0.007239735668536169,-0.0008663865026826478,0.016368069530718333
2021-03-12,0.0013458309685191435,-0.008145461698647381,-0.02145010930338759,-0.00018574519969141986,-0.007654730809007139
2021-03-15,0.005945898611475878,0.010626290055753659,0.005863320572163806,0.004386867610048303,0.02416227125305593
2021-03-16,-0.0012620815641627263,0.005473893175625474,-0.004027229883500786,0.0009244132771239594,0.012662743235451085
2021-03-17,0.003404103416780349,0.004108906147237857,-0.007510830241188772,0.0071195808075622735,-0.006471637941922705
2021-03-18,-0.01465663266626361,-0.03110943704096568,-0.010178435469464845,-0.0058269675795917875,-0.034493155173384464
2021-03-19,-0.0018519846231922986,0.0035188052659635488,0.006178921169018526,0.004174394816826358,-0.004490453680233119
2021-03-22,0.007953228586674532,0.018579777229496528,0.011143607379789111,-0.0014713433816878438,0.02794185519079743
2021-03-23,-0.007901887364342825,-0.004372375008347676,0.008986665729113951,-0.007327408483150656,-0.006912690090702514
2021-03-24,-0.005096369993880673,-0.017009012035446344,0.005367969682685229,0.003454859203276189,-0.020196132430792386
2021-03-25,0.005609553447928157,-0.001732942032661319,-0.007917316578116451,-0.0036402714825327686,0.004154980749966319
2021-03-26,0.01598675425915359,0.014888811528412645,-0.0035057974405110124,0.002839374216722469,0.005128255573328486
2021-03-29,-0.0005053727218925284,-0.0002850582328373566,-0.008524767872195204,-0.011967328788777756,0.0014840252417690479
2021-03-30,-0.0026563496970942392,-0.005045738612255453,0.005226242612840901,-0.01723957501602924,-0.01235046062760526
2021-03-31,0.004045077761676357,0.015186727615040132,-0.005595238903280083,0.015053975494509144,0.01859180017146867
2021-04-01,0.010740996616092038,0.01690299605008646,0.01646103566354185,0.012549018493591777,0.006934364897230116
2021-04-05,0.0142512978797976,0.019767919298569785,-0.004372746258366674,-0.00037046965366193687,0.023303694177839528
2021-04-06,-0.0005909333528460977,-0.0006948313080579195,0.0067696932292805,0.007996616729269289,0.002459201736044502
2021-04-07,0.001156766310569572,0.002415575925561533,-0.00698886282165728,-0.0028223021365765604,0.01330162086441176
2021-04-08,0.004735711938253621,0.010379410470431272,0.008221462464472685,0.010694635856861524,0.019050883918937715
2021-04-09,0.007243835201418435,0.006039876597503366,-0.003629546613729332,-0.007566026934120144,0.020049232814159497
2021-04-12,0.00036416769725323316,-0.0013060100854899769,-0.00043699719295132804,-0.006082067490100263,-0.013321372793519796
2021-04-13,0.0029593086244877886,0.011605797601806031,0.007466132130799519,0.007061488473290135,0.02401593010303687
2021-04-14,-0.0034208324671942394,-0.012080980648712353,-0.0031824735018257297,-0.0043537794872208335,-0.018014183017666385
2021-04-15,0.010685125833670086,0.01504175909460802,0.016595463417789467,0.0160335365383925,0.018535087996677628
2021-04-16,0.0033369265521279987,0.0011701837375368692,-0.007796447576318461,0.0060295628147861114,-0.0025311041000314317
2021-04-19,-0.0049252109341742425,-0.009193817958341852,-0.002876143148409876,-0.0027691247303623773,0.005055469332846752
2021-04-20,-0.007348336869017408,-0.0073155327912330015,0.004598240448785105,0.003550241996940974,-0.012913159769898647
2021-04-21,0.009417350536059107,0.008524519802677833,0.0020050080729122986,0.009862362310853667,0.00292604803334143
2021-04-22,-0.00917511635577456,-0.01212753774335484,0.004354611594839563,-0.00650425423162094,-0.011754135044634113
2021-04-23,0.01078434811065227,0.012510721495307043,-0.0023531021345131443,-0.0038387727937765547,0.017877662757206543
2021-04-26,0.0020852110006829004,0.006490101831122005,-0.0014291121840278895,0.002640755671589698,0.002973454820933135
2021-04-27,-0.00021550186194378322,-0.004341527344195783,-0.008761229474693622,-0.0025205449092440876,-0.0024527063772988933
2021-04-28,-0.000287094950955903,-0.0033866897712533373,0.0006490872386259285,0.002940064461277065,-0.006045385616725443
2021-04-29,0.006352278666706019,0.003592281383100266,-0.0029600534085636445,-0.004142547462168167,-0.0007488746259579413
2021-04-30,-0.006592239938969584,-0.006576168223138664,0.0023109661699378154,-0.003374702192485256,-0.015248771189954631
2021-05-03,0.0021546904669664108,-0.005339805244194764,0.000599132533149594,0.01289485518814097,0.008181588151418229
2021-05-04,-0.006188619812943363,-0.018159738249529978,0.0067632471965857945,-0.007356686965198023,-0.036026845145993996
2021-05-05,0.00031268826005824684,-0.0033677843300005087,0.0016478534182939057,0.00413361336698124,0.0019536365644514265
2021-05-06,0.007954182028595217,0.0075089808455681695,0.0016455914817309573,0.016542002735280385,0.012721164914247851
2021-05-07,0.0072513135468105765,0.008081786733389674,-0.004944018221825793,0.00895658735382193,0.005313434456763677
2021-05-10,-0.009951529100451868,-0.025578697906348515,-0.010178876752059638,0.0030259218728549953,-0.02614335674446712
2021-05-11,-0.00896481027989438,-0.0013823810566915382,-0.005675769458044805,0.0001742848474817966,-0.0074378220324698915
2021-05-12,-0.021474363914411036,-0.02622395724537397,-0.010563502388607425,-0.009983483413452903,-0.02525483894395247
2021-05-13,0.011941101168117701,0.0077015883869420996,0.0015475579782653738,0.004098917859921596,0.017761030607638895
2021-05-14,0.015238512952115415,0.021836782213847522,0.00930780624435483,0.009074563611959028,0.01965033763298812
2021-05-17,-0.002547690641930362,-0.006084727768450642,-0.0021177175270737265,0.011572105937362132,-0.009301606504503344
2021-05-18,-0.008652959647790266,-0.006773709195260141,-0.002561930061314428,0.0019442812059788442,-0.011309382349176571
2021-05-19,-0.0026253320519423135,0.0011477565217027459,-0.0024214512554289035,0.0006853819629941132,-0.00128236824156702
2021-05-20,0.010700467696739196,0.019158528269061736,0.008194773632024322,0.004556871795741219,0.020794360360815965
2021-05-21,-0.000818932852898059,-0.005549929292702135,0.0032015034416440023,0.00045446916842239933,-0.014877214227227386
2021-05-24,0.010142469366156526,0.016679104244708618,0.0036975294554232574,0.001759487487714246,0.013226266613883453
2021-05-25,-0.002221102517702814,0.0013824074507479188,0.009220650012618035,0.009031903514378268,-0.0015746138583309513
2021-05-26,0.0019828562770815993,0.0034777518133227866,-0.0017227103450440481,-0.0017435678186662285,-0.00039414905809871204
2021-05-27,0.0005246746675649232,-0.0037481854595233888,-0.004030524327684041,0.0003940189892895408,-0.01245397695185635
2021-05-28,0.0017870961314104816,0.0031493248959677538,-0.0015876857147613464,0.0037630876338542248,-0.005362442826130324
2021-06-01,-0.0008811975797848519,-0.003329497152280312,-0.00022408157285427066,-0.0026945732480542135,-0.002651930659342727
2021-06-02,0.001571262615118028,0.0019510665192886004,0.0023123154257691167,0.004878526963101577,0.006256556451327012
2021-06-03,-0.0037183197681724843,-0.010460183004729104,-0.0037603948065547134,-0.019772420864664846,-0.0122285568109465
2021-06-04,0.009104401853172031,0.01682734614282315,0.013601680198310605,0.010725633264657355,0.01884339973285897
2021-06-07,-0.0009705820513633191,0.002975301707260186,-0.003078701878862438,0.003999619209610979,7.95676810662116e-05
2021-06-08,0.00021304094672615733,0.00047505601902792866,0.0070024359727277555,-0.003096867753862795,0.006649646523078104
2021-06-09,-0.0014928605620162705,0.00023753676726103818,0.008790144869900396,-0.0019193434836643904,0.003072542737782336
2021-06-10,0.004637532425312948,0.010366674473138479,0.00598017710321084,0.004285131517665339,-0.008055581113236931
2021-06-11,0.00165107427252036,0.002611434948811319,-0.001614131305239712,-0.011316177890912231,0.009784739675889973
2021-06-14,0.0022364636120498636,0.009536992102729826,-0.007689055238875323,-0.005878166410042197,0.024280416595461186
2021-06-15,-0.001835878612477681,-0.0065522635586062,-0.0012043748337473119,-0.0037848631237422004,-0.006458549491383069
2021-06-16,-0.0055989261372259656,-0.0036588960136574814,-0.0008513540446731091,-0.01703600368035545,0.00392631396863681
2021-06-17,-0.00033174800416408193,0.012617370344064235,0.01486124940177998,-0.03122282591641038,0.01252218538276924
2021-06-18,-0.0135823076845563,-0.007878160364960037,0.01863156481679866,-0.005562705142465907,-0.010143145463057406
2021-06-21,0.014214585518954749,0.006195643245295565,-0.01688511208494686,0.012173251058176099,0.014005292810076408
2021-06-22,0.0053319571665345475,0.00927879116169752,0.002439471730354642,-0.00420166857422807,0.012618638499816872
2021-06-23,-0.0012062037806987442,0.0004887095234210822,-0.0025793359909418337,-0.0006618767987564016,-0.0020921382454331294
2021-06-24,0.00589831544397232,0.006163990695278725,0.0016038865739132861,-0.0006021199876096117,-0.0021710797630844106
2021-06-25,0.0035458601508103218,-0.0012298521878541387,-0.010437146647191909,0.003306999189259349,-0.002251584321336395
2021-06-28,0.0020137725003196902,0.012088462262152563,0.010228274567526419,-5.999643961855651e-05,0.01246818492989902
2021-06-29,0.0005380478149932056,0.0036121620854381057,0.0016715648961340215,-0.010561034647227364,0.011434332885321554
2021-06-30,0.0008413759542245955,-0.0015789206175170897,0.00444358378125461,0.004841763592293601,0.004610687652624595
2021-07-01,0.005521217860349156,0.00039500822827168153,5.531837261463251e-05,0.0034354496150826534,0.0022607105039793934
2021-07-02,0.007614527388508786,0.011413374824846776,0.006016614716385995,0.0065369291506959725,0.01940709123799906
2021-07-06,-0.0018231234566404029,0.004312420735727702,0.011652418767732478,0.004949187883217545,0.014611356715488516
2021-07-07,0.003527868697584172,0.002107921311293418,0.008820385891169364,0.0037995736126820853,0.017795978028551797
2021-07-08,-0.008181326327094713,-0.006058073696787742,0.00390991809674227,-0.0006520293887520076,-0.009242440387662693
2021-07-09,0.010618077489685728,0.00622392622746754,-0.014162310662856583,0.0033150614410246745,0.012970511968405204
2021-07-12,0.003575554447858837,0.0038982172210022805,-0.0012978400730565818,-0.0012418718351821449,-0.004212403412477404
2021-07-13,-0.003414715945780677,0.0,-0.007682506392122985,0.0013009357869861221,0.007858225907708525
2021-07-14,0.0014910291305971642,0.0017920348672401678,0.011298303160222239,0.010697757313475486,0.0238146762705981
2021-07-15,-0.0034214521972808017,-0.0070480757915587205,0.01096938262179982,0.00017546425482688882,-0.004502564788692779
2021-07-16,-0.007874388058476808,-0.00813239387782931,-0.0018869674710093273,-0.009751038308664079,-0.014175550945501611
2021-07-19,-0.014877980761044232,-0.00822750101817013,0.021691007157833928,0.001179853512608669,-0.02728329611555643
2021-07-20,0.014228582221128851,0.011549386364121816,-0.009686469821774133,-0.0012979424872485647,0.02564202897573103
2021-07-21,0.008063794287790409,0.00769095761395337,-0.01274726806121447,-0.003726190289074976,-0.005144589418241372
2021-07-22,0.002091822921050709,0.0065887601713877616,0.009408717238105015,0.0019535411866020086,0.0095823082589535
2021-07-23,0.01023527327836711,0.011609706055812035,-0.006711992372112432,-0.003139340880551927,0.011918251049754455
2021-07-26,0.0024520001680977733,0.0007871839598910176,-0.0029669730755957674,-0.0023758261058627853,0.002890136988610192
2021-07-27,-0.004567900245091402,-0.011079177111417295,0.010615142135819365,0.0016636888817755746,-0.015012533578648096
2021-07-28,-0.00041018073903959586,0.0038343141148378763,6.63919316940253e-05,0.0050335632022407,-0.012270830609425024
2021-07-29,0.004138898014911428,0.0017750881417217053,-0.005561490774917095,0.011044023020098688,0.004541963912418021
2021-07-30,-0.004868185563473838,-0.005225231036599727,0.004692245004010861,-0.007918108309762988,0.0015093437082005759
2021-08-02,-0.002100329731954494,8.21924394274032e-05,0.008879683507909757,-0.0012374082182159806,-0.002333974118882051
2021-08-03,0.008102453056565881,0.006043189469838558,0.0005318415479601869,-0.0007077270423842932,0.012565363986507927
2021-08-04,-0.004931056270958521,0.00144375714033412,0.0020536468203557427,0.00023593466942563418,-0.002786234733938174
2021-08-05,0.00631285257785168,0.00632288825667534,-0.005110341379038648,-0.003959922253451811,0.000748122706584453
2021-08-06,0.0016511494448644276,-0.004391812887685629,-0.016841879387641534,-0.025308704477345147,-0.004778044603366942
2021-08-09,-0.0008138531156892243,0.001845747587080592,-0.003593238244312468,-0.017894816057729707,-0.00034253820931789795
2021-08-10,0.001243080986386394,-0.005138889557759026,-0.004628893303707375,0.00030914743149373187,-0.003359666185202144
2021-08-11,0.002481976131948171,-0.0017187055178391833,-0.0006142671607267954,0.01369082807188368,0.0017840833655121619
2021-08-12,0.002992462313797403,0.0035978850508938454,-0.0016391592847410873,0.00024383177142714218,0.02056030464373275
2021-08-13,0.0018180513996144875,0.0035037412999074325,0.015671748671340205,0.014224167163591615,0.0014095947729482307
2021-08-16,0.002351905513930965,0.00043365801598390866,0.002421182871027206,0.004975891262677384,0.013457135933326397
2021-08-17,-0.006576661329476854,-0.008846931623754719,-0.0004031536347949338,-0.001496155150116038,-0.006173014271851464
2021-08-18,-0.011005390112280808,-0.009671244164283263,0.003353520476228292,0.0007783092556947036,-0.025831938132114568
2021-08-19,0.001547044936839287,0.004819653747320141,0.0073377306351607345,-0.0029367165231408677,0.0023202132372964267
2021-08-20,0.007925654534082748,0.010305131923599319,0.0006646903610451468,0.0005400158455303154,0.010105800103941453
2021-08-23,0.008758070112451876,0.014845990569082014,-0.0006646903610450841,0.012104007439095057,0.010204779985434606
2021-08-24,0.0015860782370180162,0.0030496797870594285,-0.0078064068985519534,-0.0004742535717267673,-0.000601422375743646
2021-08-25,0.002096113742312058,0.001147899097352129,-0.0083415142854695,-0.006961609676564189,-0.008456957099722412
2021-08-26,-0.005920758645812844,-0.00637000253953578,0.0027654197455653897,0.001133835388463418,-0.005542266844040972
2021-08-27,0.008901353964020387,0.009673176319973014,0.0067807502051599865,0.014917723322635659,0.007158789590467665
2021-08-30,0.004388012312863796,0.011159651523208514,0.002606630842367522,-0.004947859047149437,0.02996382273642045
2021-08-31,-0.00148269813599469,-0.0008157177208069425,-0.006830671525688297,0.00200564206756742,-0.00846071652577084
2021-09-01,0.000531193114233727,0.0016567693441195631,0.0016742239500932695,5.88968847449306e-05,0.004468952670817178
2021-09-02,0.0030720911302057593,-0.0004729528870983119,0.004355576248810641,-0.002655242464544409,0.007447116356785458
2021-09-03,-0.0002427865351215451,0.003070985000158038,-0.009135812851779654,0.010637446088029513,0.00422153125983502
2021-09-07,-0.0035819415369569194,0.0014139248594237008,-0.008471245863428456,-0.019778020504279115,0.01537056590822205
2021-09-08,-0.0012191072822385404,-0.003486596823220492,0.006782655499345112,-0.002507544166051433,-0.01013500074008423
2021-09-09,-0.004289389514238432,-0.0034462315304064966,0.012027527186705798,0.004413734414974538,-0.006727454097897331
2021-09-10,-0.007915911735094356,-0.007618521029443954,-0.008855746201899807,-0.005071495164425335,-0.03366214493775333
2021-09-13,0.002556030074857186,-0.0006906157430242274,0.006046560752849613,0.0033441618437189445,0.003885854589050905
2021-09-14,-0.0054109083291070306,-0.002847260905996461,0.012050473472776614,0.006417907636002404,-0.00960829551940967
2021-09-15,0.008317812816573544,0.007407403286411589,-0.003513477455065445,-0.005881528710091136,0.0061251087726692036
2021-09-16,-0.0015864699880217496,0.0006873086266659085,-0.004592844468241521,-0.022902242747818987,-0.0016116451325981884
2021-09-17,-0.009788983981759385,-0.011912985276741448,-0.004815543833626749,-0.0015862999324902439,-0.01851849749063859
2021-09-20,-0.016814582848875808,-0.02087946406243794,0.012326225215648962,0.007118755657039398,-0.02159239289702445
2021-09-21,-0.0009451846408330897,0.0012296698440268739,-0.0008615224780363986,0.00664689654260444,0.003422297527162256
2021-09-22,0.00970753417203483,0.009297369331917306,0.005946663605274076,-0.0037409995549623856,0.016731141131668337
2021-09-23,0.012076617553365131,0.009184720760929205,-0.02285574682711297,-0.011613566243419594,0.006697049806850389
2021-09-24,0.0016461700629197976,0.000937701370315813,-0.009821654233160521,-0.0012850982867509395,0.0006127404590567015
2021-09-27,-0.0028650311802179357,-0.008014048795877785,-0.00368230015801095,0.0020798706668898187,-0.010606026134016611
2021-09-28,-0.02035770895124166,-0.028706030257663367,-0.01570018550077279,-0.009763940911599527,-0.02408943193512454
2021-09-29,0.0016816709205191977,-0.0016405620402178745,0.0017336768872908608,-0.0045149330127863515,0.0064622655329094275
2021-09-30,-0.01229756302932009,-0.0036810402326069207,-0.00013838315360301915,0.01781698430701417,-0.009355408939025376
2021-10-01,0.011814127380039894,0.006182994975943497,0.0083806948340151,0.0022505110921036547,0.00809442714927305
2021-10-04,-0.012979880238731126,-0.021213131019139162,-0.0025491076728044737,0.004667408258473528,-0.02491353009831019
2021-10-05,0.010351204602767582,0.01340864456173517,-0.009703428651076006,-0.004667408258473519,0.014059228724048632
2021-10-06,0.004147258506364158,0.00638755344653793,0.00562597811196164,0.002669757352534067,0.0062874350782579184
2021-10-07,0.008608565207125706,0.00913297367203356,-0.010513667947425432,-0.005285683868044846,0.009043442184547053
2021-10-08,-0.0018254308335905014,-0.00499885784257264,-0.007022590931711295,0.00042627404378714777,-0.0027256778163607252
2021-10-11,-0.007265920367156081,-0.007699702295765197,-0.0025414010582807136,-0.0018893655741350408,-0.0006296552747132271
2021-10-12,-0.0024645230396147075,-0.003493738190517468,0.01695592170977604,0.004504271350483098,-0.009145040785455428
2021-10-13,0.003591158661224063,0.007976367250647215,0.009678969648684914,0.01763773443447277,-0.004248820577840315
2021-10-14,0.016680593700231845,0.018248934073550195,0.0037086072278423943,0.0024434808580754102,0.020023570810794304
2021-10-15,0.00758696934528838,0.006281072131636481,-0.005843401205705451,-0.0160204917648545,0.0074846729057797354
2021-10-18,0.0029562548907253157,0.010005586236433443,0.004677535075943903,-0.002482990902389477,0.011736922888370756
2021-10-19,0.00768521869512955,0.0075386908757823475,-0.013890300162448469,0.003208519186409284,0.01496764935581393
2021-10-20,0.0039200713854255125,-0.0013058076505255596,-0.006773059108536176,0.008725778175468667,0.003355168900150161
2021-10-21,0.0026047980982422513,0.006088409459763564,-0.0011917988779235633,-0.0008991093021597419,0.0014729662593480173
2021-10-22,-0.0010366774691692921,-0.008437901658669355,0.010952607285992367,0.006098334452755203,-0.005298642886536551
2021-10-25,0.005348496261497791,0.010185616138366322,-0.0015273954751999319,0.006890365329616705,-0.0003366627967362344
2021-10-26,0.0008994401063188594,0.0031439694396844992,0.008235008704231645,-0.007427027125168416,0.004564643504076016
2021-10-27,-0.004439872804426984,0.0023185834166886818,0.018030568113634366,0.0026206236403640355,-0.0031523649942470197
2021-10-28,0.009602582262280489,0.011044082647600812,-0.0033895092226284363,-0.00023791366260843256,0.02468401229476361
2021-10-29,0.002027092338419055,0.004906864130564782,0.0030513344492113935,-0.008544299301700552,-0.018322468108042212
2021-11-01,0.0017186780286923846,0.003412719810384952,-0.007226245440261766,0.005207004497418708,-0.005623128617141132
2021-11-02,0.0040348315186510535,0.004172812261584779,0.00442857099469387,-0.0021513131388870075,0.0070909969609146105
2021-11-03,0.00608678536358786,0.010559715993931863,-0.010387417009326544,-0.0083501482773226,0.009750798414291094
2021-11-04,0.004701507397106393,0.012737170144253422,0.010455771279789127,0.011277125295739413,-0.0035046036198262405
2021-11-05,0.0034635263885338446,0.0009538645188295494,0.014845019801985385,0.012978359326946427,0.0035758322262131074
2021-11-08,0.000853349069212219,-0.001355622993787534,-0.001876974483612931,0.003585184846901929,-0.005567910137574778
2021-11-09,-0.0033108004580741507,-0.006907405948814477,0.012934240005513659,0.004916006634195484,0.002455925835478168
2021-11-10,-0.008077434723677786,-0.014805953623970419,-0.01845207861760571,0.010800248284572371,-0.01934896156502842
2021-11-11,0.00032359439580518146,0.002768802262066908,-0.0014856315832615017,0.005586453042738802,-0.00033813332907613045
2021-11-12,0.007518482936102226,0.010467742730062578,-0.004402117245978317,0.0018934614978916627,0.014235175815050781
2021-11-15,0.0003421808106769992,-0.0002282530814237056,-0.01263662754068503,-0.00154894492430588,6.663827525146961e-05
2021-11-16,0.003950069233563649,0.007095707166921961,-0.002546159376970433,-0.007260156004477963,0.006644703128206189
2021-11-17,-0.002432229400166121,0.0005285086156423016,0.00789315288847393,0.009095692432078762,0.016355647767645903
2021-11-18,0.0033906538324595943,0.010307883351916267,0.0037538007090391515,-0.0032143154449525086,0.028136388486623507
2021-11-19,-0.001789604140010057,0.005560231757096578,0.010502263977580506,-0.007675708262916443,0.01683341985275398
2021-11-22,-0.0028193169665640745,-0.011677259408902829,-0.011797439011638714,-0.02267561664312034,0.0029231757417214686
2021-11-23,0.0013251946495174659,-0.004568028874933373,-0.014564516619195078,-0.008690053468478977,0.002419277234933203
2021-11-24,0.0026662941269413104,0.003214862368217867,0.01592775165745425,-0.0009569597921073518,0.003278029121247641
2021-11-26,-0.022555714789781654,-0.019140989546693642,0.024954834503695723,-0.0016168462526691021,-0.03219100747782181
2021-11-29,0.012191881784862274,0.021470562778589868,-0.00807065383332344,-0.0013795005365548109,0.021637808766903143
2021-11-30,-0.01964929329246431,-0.014795359850730199,0.015088087480748701,-0.006744546424564762,0.03108950073687828
2021-12-01,-0.011169322746228115,-0.017159124633944586,0.00614979207608044,0.003980006790395922,-0.0032114792272259864
2021-12-02,0.015200245486976054,0.007181239790378151,0.0012462869903943198,-0.005552205835401061,-0.0061488345989688135
2021-12-03,-0.008739580898167783,-0.01754158433994032,0.011861734016213684,0.008376819081740972,-0.011793696905466292
2021-12-06,0.011773851622421054,0.007980711131563262,-0.013830432209137697,-0.0024635953850727986,0.0212747513244177
2021-12-07,0.020473829599013223,0.029669610721551783,-0.008112630383635924,0.0035432060613326127,0.03483295880075625
2021-12-08,0.002644417404649577,0.004463994341779422,-0.01743590102179023,0.0005393685677794685,0.022527118011169363
2021-12-09,-0.00677445046101702,-0.014823371142514483,0.0055778032510754505,-0.006130129283900702,-0.002974462216410633
2021-12-10,0.00936941244293867,0.01081174299229104,-0.0024153086012818265,0.004211020685246302,0.02762809409012757
2021-12-13,-0.008897755143430806,-0.014552275227836869,0.01467059467981062,0.002518126917516811,-0.02089096413811068
2021-12-14,-0.006903812794076431,-0.010404115232066512,-0.0023860899172963995,-0.009385206339641532,-0.00805552806915981
2021-12-15,0.015504219950335235,0.02254134996377927,-0.00966833251842012,0.004282351988516796,0.02811046548552619
2021-12-16,-0.008857470036827363,-0.02605102110257394,0.0003887383202522397,0.012024970840539904,-0.04005592140105217
2021-12-17,-0.010700146038461124,-0.005001590521286139,0.011268024553449489,-0.002143116686188639,-0.006522758294252357
2021-12-20,-0.01069037391887689,-0.009747737294837,-0.007519494837760281,-0.004240244730917084,-0.00815499080799
2021-12-21,0.017603197916428136,0.02213358658027454,-0.003814897694700684,-0.00041897618344674124,0.018906891895970744
2021-12-22,0.009949179853200145,0.012104985340098406,0.004615583659999519,0.00935611880010715,0.015202563176118672
2021-12-23,0.006202766798264051,0.007510793108158205,-0.008714437077148357,0.002251481491211197,0.0036372079187094964
2021-12-27,0.014052845029774006,0.016392143512149102,0.0024207351985741834,0.002364450476828884,0.02271484306788376
2021-12-28,-0.0008176023442441371,-0.004645425619699947,-0.00397069246432336,-0.004319380340024978,-0.005783757879555234
2021-12-29,0.0012785608859265194,-0.00014919782785654314,-0.010984792423148721,-0.0002965516280151311,0.0005018844247804301
2021-12-30,-0.002768604187386042,-0.0029931022078589255,0.008351205527105878,0.007151581744182501,-0.006599966717270023
2021-12-31,-0.002523086479109542,-0.006264046850113826,0.0019587677324824386,0.006808358432551388,-0.0035417443780190886
2022-01-03,0.005773091595141576,0.009580642931927005,-0.026600153736319274,-0.015503300973700684,0.02469675491966673
2022-01-04,-0.00033486306824780077,-0.013055278136722068,-0.004167026961445069,0.007339514803169255,-0.012772834487147142
2022-01-05,-0.019388991521527052,-0.031203102019430655,-0.005443113022817321,-0.003012197052209778,-0.026959820611858584
2022-01-06,-0.000939777409655771,-0.0007028230346702944,0.002585476062165712,-0.012319703780209438,-0.016834336990904305
2022-01-07,-0.0039615271093970065,-0.010891814760612987,-0.007213749893334724,0.004540812572282988,0.0009878832429949047
2022-01-10,-0.0012450551786626738,0.0006580867676647651,0.0024571599465251313,0.0030355936239956378,0.00011592303411820028
2022-01-11,0.009067085696157507,0.01491007384257383,0.006639317989788543,0.01199245713664559,0.016644574735833587
2022-01-12,0.00269987892239746,0.003957715501048085,-0.0038385882572044634,0.0026391371424113854,0.002566933738562302
2022-01-13,-0.01387445472861851,-0.025334379972248296,0.008841114393498157,-0.003402771341298051,-0.019211508474395768
2022-01-14,0.00040905874552945177,0.006203242965481434,-0.015224709280371333,-0.002883829150556528,0.005097806863831637
2022-01-18,-0.017868393642103464,-0.025209097792047944,-0.014174280779603868,-0.0016516182679313014,-0.0190749253172138
2022-01-19,-0.010437839621807705,-0.011044386340759648,0.006899648414306018,0.015755750605134237,-0.021248794949584683
2022-01-20,-0.011129606522856028,-0.01307335628214659,0.0061484096719705865,-0.0025020112544038944,-0.010401044215290561
2022-01-21,-0.019826083547871593,-0.028120515830098832,0.011836040961857098,-0.003267771913809988,-0.01284736987997285
2022-01-24,0.004237900213239938,0.004567339363236349,-0.008249644639517119,0.005479160681096094,-0.004875978801673924
2022-01-25,-0.012284231639980492,-0.02345436550943049,-0.0016160570728135269,0.003192034576976311,-0.011450303638313541
2022-01-26,-0.002511844266526341,-0.0015656303559487045,-0.012167119245251757,-0.01629856790431354,-0.0005634673578658598
2022-01-27,-0.004950195644066887,-0.010121622073815575,0.01819604557159937,-0.01298211532059733,-0.002947264156529846
2022-01-28,0.02453183946522104,0.030886888087044925,0.0003493615526177701,-0.002987752337666492,0.0674507167242713
2022-01-31,0.017850646594369003,0.031477790382453935,-0.005183768092163282,0.005907056331230696,0.025790123386113105
2022-02-01,0.006734335723591973,0.006780302845916619,-0.0033248677707930123,0.0008325368758188378,-0.0009729455862683381
2022-02-02,0.009667398692458432,0.00809279302490622,0.0033812743544547014,0.00361943388995412,0.00701964352169408
2022-02-03,-0.023785817762799925,-0.04138852552472778,-0.0078364142693866,-0.0014224174555621005,-0.01686131366985299
2022-02-04,0.004691312347931721,0.012535887310656772,-0.014852379623334074,0.0015408910869810946,-0.0016806170651784285
2022-02-07,-0.0032144670700940173,-0.00807696350510921,0.0006474404046792858,0.007375317353577323,-0.004243743696819277
2022-02-08,0.008194197555967961,0.011172441740630572,-0.00670805589826316,0.0030522079460774463,0.018298355236258963
2022-02-09,0.01453004202588638,0.020969299479813536,0.0018796604285863119,0.003393414275398407,0.008259551493316059
2022-02-10,-0.018128820685011166,-0.022892402694368975,-0.016019782743296674,-0.0038037857675304026,-0.023881696237970686
2022-02-11,-0.019915866035745047,-0.03223572530623246,0.014719043365356657,0.018875607865561438,-0.020425566944589843
2022-02-14,-0.0032749221556786588,0.0012381997247071287,-0.01251912076189092,0.005336451777182292,0.0014221678470130038
2022-02-15,0.01599830732439306,0.024560104762944897,-0.011418007536772887,-0.009545260370239185,0.022888522873784012
2022-02-16,0.0011202166923499149,-0.00025291804103103104,0.005909459360989878,0.01023173130733765,-0.0013899638494164175
2022-02-17,-0.021592900569421935,-0.030194945022213135,0.007410376013979956,0.013575508168976262,-0.02149855902436761
2022-02-18,-0.0064958070047357935,-0.011471038051205595,0.010472497797953484,-0.000733724019731723,-0.009399922556583463
2022-02-22,-0.010789905502210501,-0.01009450201831401,0.002600677167127461,0.002086858856896338,-0.017972744500840254
2022-02-23,-0.017897703585643413,-0.02594907532235601,-0.013877275662186547,0.004497100140272996,-0.026204387018228102
2022-02-24,0.014936922188060545,0.03305238987144039,0.0006580842963697565,-0.006471023453826176,0.016542536836836232
2022-02-25,0.02182420802599476,0.015388050055197475,0.000730906084653031,-0.0033362372759372606,0.01288217598175369
2022-02-28,-0.0025619761916064816,0.00297449350938122,0.021682272877273628,0.010311993951243732,0.0016364170167146436
2022-03-01,-0.015347365052042605,-0.015430082849779562,0.011495080464769282,0.01800043176575384,-0.011695998707574347
2022-03-02,0.018229062604812312,0.0166402405730595,-0.03478019590476066,-0.010460864384517259,0.020379020984320536
2022-03-03,-0.004990852730032167,-0.014387789184910868,0.01013338981254089,0.005935763844875876,-0.0019831694999718225
2022-03-04,-0.008157885096636218,-0.014597916167817467,0.017116742741473977,0.015803608419049087,-0.018579850832853614
2022-03-07,-0.02992245220983871,-0.037578650302180064,-0.00765907543958332,0.014753495270293054,-0.024003075667650895
2022-03-08,-0.007610569585069231,-0.004658698738637298,-0.010110454731476315,0.026991429368426304,-0.011744903952703898
2022-03-09,0.0264577767141704,0.035365063051488246,-0.00984712697674112,-0.030161495266205762,0.03439882617984725
2022-03-10,-0.004525938290196929,-0.01116669895117848,-0.014472028821218098,0.003116366878477797,-0.0275625952461297
2022-03-11,-0.012796269428706786,-0.02095671242109092,0.0033415025273408607,-0.007052696024243029,-0.024199176838401996
2022-03-14,-0.007335435038536633,-0.019391453708168204,-0.023625824756689093,-0.01518847505814139,-0.026921569679024156
2022-03-15,0.0217521714752155,0.03088497424361464,-0.0017469230866324365,-0.018882610033681094,0.02924539874863988
2022-03-16,0.02193180031501726,0.036415778621420196,0.009759479205862572,0.006241285995487705,0.02860251406528619
2022-03-17,0.01243332841942974,0.012033537994894743,-0.007481357535926372,0.004876733952655098,0.006433446933543506
2022-03-18,0.010893341114156187,0.020261242228737698,0.012138271584425138,-0.008828710707897394,0.020702999221437795
2022-03-21,-0.0002924949099999928,-0.002784094287519767,-0.023428447479314628,0.00761175501954624,0.008501423350900466
2022-03-22,0.011633574425579891,0.01946215447335574,-0.01289463141174701,-0.007277189924242526,0.02058735197648142
2022-03-23,-0.012962015822316318,-0.014475477618159231,0.021678419311702547,0.013567209576051467,0.008199679658688619
2022-03-24,0.014961928346011998,0.0219828865428772,-0.00786380100569151,0.007234137513108609,0.022424723469029323
2022-03-25,0.00487157829490963,-0.000834368942882241,-0.013969839295836544,-0.004103860537691329,0.0037271526256260775
2022-03-28,0.007087847080291798,0.015353924556708066,0.008513253030314074,-0.018371517706821095,0.00502382710556611
2022-03-29,0.012295018879544404,0.017063248273560386,0.007524348492043683,0.00044668806848975184,0.01895376954812366
2022-03-30,-0.006193962738885823,-0.011106950244651397,0.007771228190800687,0.008006283379257595,-0.006671712795496935
2022-03-31,-0.015510931728908495,-0.01247233564014158,0.002425777489150656,0.00038752078804877134,-0.01793581895558758
2022-04-01,0.002829921858710491,-0.0019049253444730612,0.003799007986883853,-0.00638621587890147,-0.0017195614683308774
2022-04-04,0.0085302135854619,0.020379568380648073,-0.006973823833710326,0.004835061682683925,0.02341734362546507
2022-04-05,-0.012711711940509154,-0.022454353935165317,-0.022851412371064212,-0.006284549046099261,-0.01912383800468549
2022-04-06,-0.010049820883379057,-0.02195060172114506,-0.008127265906880158,0.0023404756196963713,-0.01862315322372431
2022-04-07,0.005026396442617161,0.0023750139531340305,-0.007560592797111017,0.0037777415804506904,0.0018024417840158786
2022-04-08,-0.002677557140937297,-0.014077512929798265,-0.010890040786213974,0.006246419748615932,-0.011980402846016541
2022-04-11,-0.01724010465276794,-0.02394191286423029,-0.0159512901638922,0.004947206140849894,-0.025847041731935635
2022-04-12,-0.003712010702014616,-0.004233274476950828,-0.0013816419562830526,0.007647435301758943,0.011457647428629628
2022-04-13,0.01138838795270965,0.020123015057763854,0.00203107354692686,0.004777109287769396,0.01621034956271362
2022-04-14,-0.01253000210955268,-0.023132360142494222,-0.020248988984594214,-0.0033090194372706765,-0.030447200961577464
2022-04-18,0.0004110458331255508,0.0007677400196628101,-0.004981362365495064,0.0030924062818564585,-0.0013317434836721874
2022-04-19,0.016013897253556706,0.022104699744125655,-0.007519029422860805,-0.015228268112133887,0.014016438641017257
2022-04-20,-0.0007416745096566188,-0.014691674128398197,0.01992577955264439,0.0048830061930919995,-0.0010158710938995338
2022-04-21,-0.01506657911783504,-0.020908142733412675,-0.007425387764288593,-0.003563943502360224,-0.004855580052104813
2022-04-22,-0.02782263830111133,-0.026534826516942157,-0.006313941909833235,-0.009769661352400816,-0.028215646741505798
2022-04-25,0.0057807970320952265,0.012763937754978414,0.009951074026762236,-0.018134432520229594,0.006714712513719285
2022-04-26,-0.029388610050469312,-0.03847556665344645,0.010016453730531288,0.0015238553873300224,-0.038042543490946296
2022-04-27,0.0028078962858536383,-0.0011991711515702901,-0.012908787981256992,-0.007585723242633687,-0.0014677577309665539
2022-04-28,0.024945603151266416,0.03489978290556883,0.0014885915763854895,0.0053838047894630165,0.0441655105860394
2022-04-29,-0.037655631212202674,-0.046042438816404845,-0.013057729843050151,-0.00011298334784093811,-0.037291424064272945
2022-05-02,0.0060014047489613375,0.01655800421867751,-0.017485814416845536,-0.01871452290294498,0.0019643064009055096
2022-05-03,0.004573563190646246,0.0010668567106327728,0.006719205306183166,0.0026457593569150124,0.009576690471633809
2022-05-04,0.029998534034809895,0.033253401500863373,0.005494445885037274,0.009774616775434711,0.04018983866029919
2022-05-05,-0.036189808640913326,-0.051677080637568776,-0.027780566671526518,-0.0038184194446891804,-0.057328575238707664
2022-05-06,-0.005987002010402307,-0.01205300725195409,-0.014844851538252645,0.0016545049194706565,0.004715982213864426
2022-05-09,-0.03254085390668386,-0.0399129658760967,0.008758794523032716,-0.014585347642546313,-0.03375220298406478
2022-05-10,0.0023077519241546645,0.012075904466258173,0.009028581793694415,-0.00848106565352078,0.01598328691008735
2022-05-11,-0.01601371671224183,-0.030107056796856425,0.019089310479339948,0.008133958004822058,-0.05323339479973427
2022-05-12,-0.0010444603089480265,-0.002367058655976271,-0.0018674892022488745,-0.015452706170676834,-0.027262287701144063
2022-05-13,0.023626733442057398,0.036389868773814914,-0.014891108285198917,-0.008142627698810948,0.031417640166816724
2022-05-16,-0.00406594944442659,-0.01165984294423605,-0.0010351510327706477,0.009493279652076629,-0.010729575613948992
2022-05-17,0.020361602751224787,0.025571876849223792,-0.012157122313379426,-0.006299094085683991,0.025104747560125717
2022-05-18,-0.04114651518325509,-0.05033630207079671,0.021093308799123488,0.000531343704844183,-0.058073233907166226
2022-05-19,-0.006143469350996947,-0.005372634241843815,0.0023926422569662377,0.014590277160260899,-0.02495016877896966
2022-05-20,0.00043630108446886853,-0.003112869515879707,0.011285918542888762,0.000697767757192036,0.0017460258602109582
2022-05-23,0.018537370480526123,0.01649093083005716,-0.016591088242497776,0.004639589893868967,0.03933527229322597
2022-05-24,-0.007663088999024175,-0.021491852593883615,0.01954025249577444,0.007493711725538028,-0.019403220437392493
2022-05-25,0.008796227246998065,0.013898710324614035,0.0039461980378531335,-0.006048248796558386,0.0011392900861465951
2022-05-26,0.019784165778297693,0.02733011308306491,-0.0045353354933137646,-0.001850609639927292,0.022934644043665367
2022-05-27,0.02425273393611667,0.03211829051136847,0.002438286429760379,0.0005208853826908474,0.039948031132890374
2022-05-31,-0.0056267061107348575,-0.0026565761789981335,-0.021389401470074232,-0.009942270255165302,-0.00536046422078668
2022-06-01,-0.008121502490625975,-0.007423238244474385,-0.0011437821537760027,0.0063488366174163004,-0.0008737279747863491
2022-06-02,0.018864494417930977,0.027017172012087896,0.0005160239424017178,0.012234040087981134,0.01667131655698491
2022-06-03,-0.01654795425604609,-0.02636371712100833,-0.0021520866471679435,-0.010203900438868029,-0.03931859081659805
2022-06-06,0.003040272369830031,0.0033255763870252354,-0.01861551721323807,-0.004413447852864014,0.005213937070873765
2022-06-07,0.009546506778459241,0.00858862924714569,0.010741421137958807,0.006497267812168451,0.017433337188739274
2022-06-08,-0.010931801793251468,-0.007222524184028936,-0.008899378173558212,-0.0009256257836888652,-0.005056120018273672
2022-06-09,-0.024070085700165066,-0.02714984665592017,0.0033249719037188323,-0.0031883338247287547,-0.03661806930266407
2022-06-10,-0.02942427264319935,-0.03590738152878072,-0.006221390922278851,0.013323135228160962,-0.039394669254604636
2022-06-13,-0.03870767673499629,-0.0476123084300769,-0.031882167682801,-0.02676735882447253,-0.039036742686242895
2022-06-14,-0.003017927720282787,0.0018140904517497066,-0.01269340347667511,-0.008035407203286724,0.006650234688952248
2022-06-15,0.014155629130390309,0.02466485964661021,0.018484323763340107,0.012966509676610984,0.019912068535559154
2022-06-16,-0.03365604484615102,-0.04118276156132361,0.00790767915832322,0.011180446816136464,-0.04045913396755191
2022-06-17,0.0021532975079618156,0.0120862183279075,0.003217451692200693,-0.008256810144045654,0.011467051359184247
2022-06-21,0.024862129300880217,0.02491643614426716,-0.017097438831959317,-0.0037437854344901486,0.032235907963309565
2022-06-22,-0.0018147104458446411,-0.0014594736263999948,0.027129107787301907,0.003977268335422712,-0.003834430613839987
2022-06-23,0.009754700194436427,0.014782950146594823,0.008181535144325803,-0.006148118298448717,0.021344153877773022
2022-06-24,0.03129909090586173,0.03368971525022741,-0.013939621871484403,-0.0009989609969459391,0.024221559817722393
2022-06-27,-0.0038272290349895483,-0.007358556740486539,-0.008565506375162594,-0.0011176944418580068,0.0
2022-06-28,-0.020644315920039513,-0.030940701319901592,0.004648597122581371,-0.0016493806069405818,-0.030242445171786213
2022-06-29,-0.0008149099940031295,0.0009164114930028165,0.015487999708521983,-0.0007666517068580592,0.012939464352675885
2022-06-30,-0.008157403425934861,-0.012480317366977843,0.008743752083819426,-0.006095587698335223,-0.018192001429156442
2022-07-01,0.010521055754881761,0.006578553430766909,0.010213902482221277,-0.0008313996785857856,0.01603526486394135
2022-07-05,0.0018867225966198826,0.01697510737586555,0.00782651146807057,-0.021437799680384485,0.01875306383592465
2022-07-06,0.0033715884482966676,0.0063916188449898385,-0.016933413565959565,-0.01596901758740465,0.009561763377392724
2022-07-07,0.01486621332920771,0.021173021356250352,-0.008839223655233618,0.0005548992912700342,0.023715991930321683
2022-07-08,-0.0008227123907567318,0.0012534579147359837,-0.011137737603820608,0.00043143823725389326,0.00470345509647519
2022-07-11,-0.011489487244166,-0.021595915786173765,0.017097560605830054,-0.0053749265251639535,-0.014867985514637621
2022-07-12,-0.008888426573719748,-0.009734480006686419,0.005924360975542579,-0.0037236489059839332,0.0068105294740027035
2022-07-13,-0.005265366591688945,-0.0020632732950529344,0.011400908077101975,0.004776265963686179,-0.0025396846503155123
2022-07-14,-0.0024315577111933694,0.0035643263585023793,-0.008192378679293361,-0.014146649261641277,0.02027541458880747
2022-07-15,0.01892493391514307,0.017977023342965644,0.005612642805233449,-0.0020104758163567997,0.011385446727562051
2022-07-18,-0.008291163291665342,-0.008498719367393149,-0.01047313572789729,0.000942949789432323,-0.020859521277291026
2022-07-19,0.02666052785589475,0.030289867408727203,-0.0054093020080892805,0.002384623832616704,0.026371003513120456
2022-07-20,0.006352889649321516,0.015731847328245865,0.002621058168064962,-0.009446509339211243,0.013419466648721375
2022-07-21,0.010131759571162557,0.014253187748360752,0.017128718436472335,0.01401179660226555,0.014981341324883572
2022-07-22,-0.009321266701949424,-0.017690957160274832,0.016671194005898574,0.0024926409954947677,-0.008143695037532058
2022-07-25,0.0012140218807946284,-0.00571182999740354,-0.009833288216895874,-0.0027423043036363935,-0.007425850537724436
2022-07-26,-0.011901740947132417,-0.019844419639064196,0.0007665094935812375,-0.001186514317386386,-0.00886555399685986
2022-07-27,0.025635176442856046,0.04139103247190662,-0.005633782173013455,0.010133467249785824,0.03366180243071866
2022-07-28,0.012464428714109337,0.0097309010818788,0.007929492816716755,0.01211168004371747,0.003565186524326806
2022-07-29,0.014473335818069647,0.01807224170575772,-0.00272152666765184,0.0028071459585694595,0.03226707431884847
2022-08-01,-0.002965430385158247,-0.0006022353016219858,0.023798295613036657,0.005651232868696488,-0.006172429830148267
2022-08-02,-0.006619436139316123,-0.0029860199712654434,-0.021386785239418258,-0.005955990148902209,-0.00933081923200332
2022-08-03,0.015538366654757716,0.02686814947044346,0.015622220685146496,0.002435276067987767,0.037534333140564535
2022-08-04,-0.0006758531275044658,0.004665387871335915,-0.0003354133235137453,0.016404693683584038,-0.001927988555748071
2022-08-05,-0.001691711588992502,-0.008202190147766634,-0.024091274460643068,-0.011309781450742627,-0.0013900400362466345
2022-08-08,-0.001161667079579644,-0.0032377211233480395,0.01601276140208854,0.008434348290836127,-0.0029072002553047517
2022-08-09,-0.00397879325262455,-0.011383031444103192,-0.003894651741031995,0.003054867797077557,0.00030324762425503675
2022-08-10,0.020786463621080362,0.02752858103959736,-0.0065529563516379605,-0.0025151110588634198,0.025857166054244072
2022-08-11,0.0,-0.00569255216311564,-0.02358554546921781,-0.002641706914863643,-0.004441322373056085
2022-08-12,0.016787377967267113,0.019283676417200152,0.010089762188787986,0.009155976822720392,0.021199364008152994
2022-08-15,0.004112276919333408,0.008048764235121382,-0.0008656169311684971,-0.012950528089989187,0.006313611626056131
2022-08-16,0.001956704785862488,-0.002344667399579832,0.0041490992400923105,-0.0017516299628300418,-0.0009243420798943836
2022-08-17,-0.007123331435166236,-0.011471632092158107,-0.01049244424526999,-0.006489345947105167,0.008746142457596846
2022-08-18,0.0029021944112917987,0.0024020449722530627,0.0014809852060014544,-0.0026198444873023344,-0.002294064782057614
2022-08-19,-0.013529195156588113,-0.019689731687291698,-0.016233388306507404,-0.007347552958114958,-0.015217081965456434
2022-08-22,-0.021042301640889324,-0.026680077099869103,-0.0033672581216658685,-0.00665930336783302,-0.02329901893156511
2022-08-23,-0.0024221541967383835,-0.0008270883008458335,-0.005518670115885903,0.006966551217581505,-0.0020309491690296273
2022-08-24,0.0031961520404303447,0.0028928128015968235,-0.007345693897620953,0.002944580504679446,0.0017922879286185489
2022-08-25,0.014018806631438797,0.01752763021171238,0.013839890183582806,0.0030581063588208724,0.01481253939468434
2022-08-26,-0.03443519680957164,-0.041851967816228075,0.007509661117463858,-0.012227153201929956,-0.038428242623679526
2022-08-29,-0.006634175109379962,-0.009904384024057604,-0.008307840214527552,0.0006180465249853886,-0.013784698527921998
2022-08-30,-0.011038749487749714,-0.011198929684387978,0.0024817393467716866,-0.008375556136480044,-0.015424000655691198
2022-08-31,-0.00763810237988552,-0.005830592002470127,-0.0096067859019944,-0.0077553096129762645,-0.010691782645122482
2022-09-01,0.0031329480530145545,0.0004344352678651594,-0.018477949299835476,-0.00882902347465035,0.004695819317882057
2022-09-02,-0.010600258671113158,-0.014228776545377258,0.005641167679602176,0.00876617372318804,-0.013704630482190802
2022-09-06,-0.0037802269858868754,-0.007208518685282355,-0.02508079060168888,-0.005856578259356107,-0.008249226922958984
2022-09-07,0.01780520954137307,0.019999797064769235,0.015691884455655735,0.010117286090114818,0.009211452498567469
2022-09-08,0.006515349901246022,0.005171296936107461,-0.010310540430843212,-0.006020378897494643,-0.009664377005424721
2022-09-09,0.015415584566277778,0.02162663902788742,0.002218501372909475,0.005269846503477033,0.01866436534490396
2022-09-12,0.010690311109389214,0.011815506254998663,-0.008251065512246782,0.005055386193321507,0.037785178659558216
2022-09-13,-0.04445606361206034,-0.056397572612046656,0.0023247135476587182,-0.013096728906648173,-0.06047172772175858
2022-09-14,0.003808547849656164,0.007901977022617844,0.0034301205559778645,-0.003855034555311845,0.009509979869812835
2022-09-15,-0.011418319781930029,-0.01679382271301545,-0.0006479039309843976,-0.018855801737618274,-0.01911116657826191
2022-09-16,-0.0076580885307467594,-0.006133528183339751,-0.008370471455690679,0.005533767627080334,-0.011020939543674755
2022-09-19,0.00772500594155852,0.0077568595593206875,0.0023319772117865903,0.0007697907679810017,0.024773795348660865
2022-09-20,-0.011544931633515084,-0.008002950358564721,-0.010019929327569004,-0.005722932055293624,0.015543973784165437
2022-09-21,-0.017597532568843156,-0.01806840053412628,0.01661376072420263,0.004632228320962459,-0.020475839223565905
2022-09-22,-0.008435369161093786,-0.012383893054380587,-0.02588025748015391,-0.0005778441890031698,-0.006395541510339925
2022-09-23,-0.016896892596398837,-0.016415557964110043,0.004076182914484376,-0.017427816406674814,-0.015239572491995389
2022-09-26,-0.009942126160121894,-0.004146456238148577,-0.019295779917522488,-0.01170141432179742,0.002257715663998943
2022-09-27,-0.0025559025553090428,0.0004008678706615934,-0.026683463585101562,0.0020477436877313054,0.006545046616644953
2022-09-28,0.019485385676782676,0.019696996444724946,0.03293346575909381,0.020573557832177892,-0.012732569993076141
2022-09-29,-0.021110268437741775,-0.02925142918285608,-0.005189221995185701,-0.0001939471718055397,-0.05036621920943456
2022-09-30,-0.015584375183420452,-0.017101892355328253,-0.012994826591458697,6.462035224685361e-05,-0.03049963089564456
2022-10-03,0.026058748382445127,0.023188984252853127,0.015764611407954127,0.024019005945363412,0.03028881791105132
2022-10-04,0.030516218187479148,0.03095699287339519,-0.002796892304400311,0.014226444596111972,0.025300569822714378
2022-10-05,-0.0023308535165273863,-0.0005320818204904624,-0.009607647480295946,-0.005553659432976476,0.0020510229225172124
2022-10-06,-0.010369516912341071,-0.007903924508274037,-0.005573826355137855,-0.0011269264553861384,-0.006647733422870915
2022-10-07,-0.028290220957635507,-0.038849163818028214,-0.009755077978628136,-0.011023386142689101,-0.03740987401437783
2022-10-10,-0.007664556424822958,-0.01004643948102356,-0.015668237512449158,-0.015318203217156916,0.0023531583640209698
2022-10-11,-0.006353374356271171,-0.01383364754545259,0.004415852743478104,-0.002060212330939929,-0.010308055173206985
2022-10-12,-0.003303861406325854,-0.0003424316323017217,0.004894787426138725,0.005335071671709423,-0.004615537885514613
2022-10-13,0.026048949751698428,0.023181668262686392,-0.00961243431654695,-0.006947611087114204,0.033060390429530996
2022-10-14,-0.02305265465784187,-0.030518398357548476,-0.008284625129831915,-0.012537160793022467,-0.032771378519948255
2022-10-17,0.02537264710276429,0.03248811966672546,-0.004881684783656304,0.0028720806307473926,0.028706684182040993
2022-10-18,0.011681057488246611,0.007876725390563192,0.002342355364966168,0.002148660090392182,0.00936534438619809
2022-10-19,-0.0071118304358344505,-0.0036536143748688073,-0.018374041490803808,-0.013488925988338462,0.000765094329928971
2022-10-20,-0.008420497655354504,-0.005114671479184759,-0.01724063833668009,-0.0015834633753089122,-0.003272460710706521
2022-10-21,0.024010804354367154,0.023177000067560627,-0.018187249019251565,0.01767059741452654,0.026699457071342858
2022-10-24,0.01216226698007345,0.010941287745420766,-0.008298635453493347,-0.0032488658845126403,0.014694386501347625
2022-10-25,0.015842494059481443,0.020474869971789354,0.02869674964889609,0.002275353560635257,0.019152868970305742
2022-10-26,-0.007562794456804439,-0.022344143681325066,0.014304682773368235,0.006343446354353355,-0.019822370797516354
2022-10-27,-0.005354217685981174,-0.018373684032178417,0.010416320306753445,-0.0015497241473593686,-0.030939019686632492
2022-10-28,0.02351229654825075,0.030141633515364148,-0.00689781881956826,-0.01026317410117862,0.0728345364425726
2022-10-31,-0.007249664821202988,-0.011696037154268311,-0.0071534983714355875,-0.008194886192774814,-0.015530213350776314
2022-11-01,-0.004385607418594498,-0.010270022440748178,0.00930208182553557,0.010151726172797497,-0.017698609581307995
2022-11-02,-0.025416306393755417,-0.03487886302741603,-0.004349590457451962,-0.006996970202892216,-0.038018448330763246
2022-11-03,-0.010350390494313614,-0.019727919217855244,-0.005411573696522328,-0.003813297433937162,-0.04333045653498745
2022-11-04,0.014290596625883278,0.015957284359471868,-0.016943451543732484,0.0302345832528433,-0.0019491982478197097
2022-11-07,0.009520212294019746,0.010934442311448108,-0.01002648579071544,-0.003970260739379374,0.0038948277120714157
2022-11-08,0.005380842828967906,0.007260938527904457,0.010875211346881962,0.022836328940686813,0.0041662666654999035
2022-11-09,-0.020817201614169313,-0.023346827478752222,0.0032820706322191267,-0.005029894759161607,-0.033753291840257965
2022-11-10,0.053497302244785286,0.07119276896748357,0.03775202606365822,0.029990153003992607,0.08523672749668725
2022-11-11,0.009631786677213856,0.018258523115518704,-0.0036704456289810704,0.00658459794711783,0.019085377002375347
2022-11-14,-0.00854298405522485,-0.008789594062410458,-0.0024552140732547758,0.0021852662272774694,-0.009531085404582022
2022-11-15,0.00849290717838081,0.013743531417640268,0.01605081550571003,0.0035106980811025834,0.011799557662651736
2022-11-16,-0.007657814941238041,-0.013743531417640122,0.02163263259906225,-0.0022987420952167376,-0.008366003353096275
2022-11-17,-0.003064744312442631,-0.0022095231919622795,-0.010607975660346457,-0.007293959961673216,0.012887979544853205
2022-11-18,0.004530172784547449,3.503349421360298e-05,-0.006901266394708287,-0.006917507382313755,0.003774514954555879
2022-11-21,-0.0036427239720098546,-0.01034035461159345,0.004206186152452285,-0.0056056352070885974,-0.021918541504244955
2022-11-22,0.013367398117752515,0.014299978665166836,0.014091793971675872,0.0011730356909015207,0.01455457279109567
2022-11-23,0.006281659487669049,0.00998648135550821,0.017291385619530808,0.006212503317279542,0.005908991770658498
2022-11-25,-0.00022373213023012546,-0.0066002636248339375,-0.0033954987769686806,0.000858102340972588,-0.019788284603556368
2022-11-28,-0.016085709378832212,-0.014781669133200693,0.0028142942781168223,-0.007934893665371402,-0.02661518086368123
2022-11-29,-0.0017191061197573258,-0.007598329437704288,-0.011795147548464358,0.004928261563008794,-0.021374960116039145
2022-11-30,0.031014713638421853,0.0445770920685595,0.007327592106651964,0.012700921015012894,0.04744986971271565
2022-12-01,-0.0007360786520812781,0.0012265869076570303,0.03144610685314587,0.01821784239630758,0.0018898828492648584
2022-12-02,-0.0011543327321195964,-0.003991307871427543,0.012497233508322388,-0.0034616677176241193,-0.0033770307832539483
2022-12-05,-0.018153188271066,-0.016925741852083766,-0.014106129709738376,-0.01730780530272015,-0.008015369474963929
2022-12-06,-0.014519635112296606,-0.0209384333139273,0.012797884997043034,0.0027336344458788004,-0.02569711614176491
2022-12-07,-0.0017026519477286628,-0.004091016015344519,0.02328936120563401,0.008998493556537802,-0.01388098422346401
2022-12-08,0.007803463641436698,0.011765310887775682,-0.0027444358737644865,0.0008413425277820795,0.012059829886919633
2022-12-09,-0.00749831727901699,-0.006396768788898835,-0.02635885653295548,0.0035378943750204003,-0.003441023893549169
2022-12-12,0.014314326527529467,0.012473182411044285,0.0031925407646581196,-0.008294841833501867,0.01625724389237566
2022-12-13,0.0075411658263518635,0.010692686062895617,0.009609515047287622,0.016936889733695327,0.006759726468486864
2022-12-14,-0.006413937809552802,-0.007441274599052926,0.004261867678592558,-0.0024359858905979824,-0.01565782299341698
2022-12-15,-0.024765713688220385,-0.03415337553931575,0.003894279150049125,-0.016494600382901816,-0.04798768515816476
2022-12-16,-0.011876559833563432,-0.009580136329415331,-0.011233251226498271,0.008671019495160068,-0.014686038287018682
2022-12-19,-0.008515644111352118,-0.014153458083769655,-0.01694816741326125,-0.0028218082489996433,-0.01603757067954068
2022-12-20,0.0013673520959482904,-0.0007784677246560009,-0.017916357447961793,0.016458298941440037,-0.0005288299731073317
2022-12-21,0.01484161015979732,0.014401842729005711,0.002510135327155957,-0.0016573862871153066,0.023530361149397074
2022-12-22,-0.014368654060416874,-0.0247694985365586,-0.00019279939124067618,-0.012158980168932585,-0.024059470931622896
2022-12-23,0.005735747036456844,0.0022465390170954944,-0.014769226946048136,0.002993835039254722,-0.0028022399845186695
2022-12-27,-0.003951318206589722,-0.014239007881224414,-0.019970711218915426,0.008394677302769623,-0.013975916928617726
2022-12-28,-0.012505651599524761,-0.013290458275184058,-0.005909277460994497,-0.004515989032750605,-0.031165448784961868
2022-12-29,0.017840078195000664,0.024082752861487925,0.011287339598996093,0.005582639597805041,0.027930458104422597
2022-12-30,-0.0026374349102929718,-0.0006007445488861018,-0.011186892364576232,0.004667758029330661,0.002466018839770815
2023-01-03,-0.004218819478294156,-0.006782655980697841,0.01890411479980029,0.008335816871946341,-0.0381223247406196
2023-01-04,0.007690444754511494,0.004752591631194501,0.013607101892990879,0.009367889939565922,0.010261442048773741
2023-01-05,-0.011478787279538672,-0.015778101282757525,0.00417214027850131,-0.01252963086748756,-0.010661225914168827
2023-01-06,0.022673020361417516,0.027227300663446922,0.01822946413473592,0.01853466381119925,0.036133239369529876
2023-01-09,-0.0005672306509145711,0.006452584154823752,0.005309930697254252,0.0022426010679794787,0.004080613619371883
2023-01-10,0.0069884277838217585,0.008428595662789586,-0.016688551580627993,0.003669304474491391,0.004446383036067434
2023-01-11,0.012568623645424206,0.017152386598132938,0.016121288149899476,-0.0006870298860052756,0.0208927293508012
2023-01-12,0.0036341930460357303,0.005389803787078575,0.019490510337030403,0.011501603213231942,-0.0005996925042158599
2023-01-13,0.003872062300808127,0.006856761916951923,-0.009416822303364387,0.011930333702592914,0.010068415531423484
2023-01-17,-0.001833672848223936,0.0020267577580550876,-0.006484859962398922,-0.006566591290624395,0.008718085731620804
2023-01-18,-0.015914030152744514,-0.013084892522430355,0.023942702699377087,-0.0028758838411488395,-0.005384349238240413
2023-01-19,-0.007306432610171218,-0.009872887686920007,-0.006279391179655078,0.015743931377470842,0.00044352977744425856
2023-01-20,0.018457767982090974,0.026999013956012608,-0.016344007492196798,-0.0033409804213138158,0.01903840105586559
2023-01-23,0.011927130100293417,0.02197254333770802,-0.004719063281861544,0.0018946378029897782,0.02322870144336252
2023-01-24,-0.0010739201131858176,-0.002044021734648853,0.014277857161415254,0.0036119840879409123,0.010012738303538844
2023-01-25,0.00037482641454754346,-0.0022216044639778985,0.002422152556606669,0.004593393795208086,-0.004711727365672821
2023-01-26,0.01093027017715965,0.01930976661293156,-0.0046633796883221185,-0.009096515003608066,0.014694560489506354
2023-01-27,0.0022950754276447926,0.009904933488762965,-0.0025265451656193427,-0.0013939615756237058,0.013591653325229977
2023-01-30,-0.01262621739511111,-0.020425683511204773,-0.0036617948631744034,-0.002570014931290955,-0.02028233565433236
2023-01-31,0.014596323247674268,0.014874866685652346,0.00796288339603913,0.0036296165072691286,0.00898062664055749
2023-02-01,0.010571754215758228,0.021157863116972514,0.011949586638233305,0.012518134528387544,0.007869613185835758
2023-02-02,0.01445222077952818,0.035261111499461144,0.0012933465809243571,-0.0209702840085377,0.0363922123782074
2023-02-03,-0.010686124282331904,-0.017932278550583786,-0.015068759690489547,-0.025274496401227434,0.024106714939978804
2023-02-06,-0.006130168835980616,-0.008495257456419013,-0.00743132630814543,0.002073259184240806,-0.018091213510262147
2023-02-07,0.012994004942838863,0.020507584951372382,-0.008058170331772342,0.0009200023760844002,0.019061892523136226
2023-02-08,-0.010995222418456772,-0.01794139536712789,0.004747974915304568,0.002468544755507998,-0.017810585554017957
2023-02-09,-0.008706892737008247,-0.008877238147208045,-0.009518435070796992,-0.007943887464013586,-0.006935350804103262
2023-02-10,0.0023309717973851213,-0.006584743373602302,-0.011252704516592243,0.0019053779351280687,0.0024529653856926723
2023-02-13,0.011670750187099713,0.0158889891951975,0.008379400133149062,-0.005089097798950408,0.01863230976904046
2023-02-14,-0.00046030818476045795,0.007361790877021373,-0.0023044194596590693,0.000753454984742333,-0.004234037583459321
2023-02-15,0.003242093374760568,0.007632095246924245,-0.009368862244821646,-0.010014646847400324,0.013807901340642246
2023-02-16,-0.013864539163298497,-0.018942604959509775,-0.014269601212053354,-0.0008195726363130796,-0.010484354072023121
2023-02-17,-0.0025013947297460918,-0.0070807462023230565,0.007746538985344707,0.002982339072148569,-0.007575182284438721
2023-02-21,-0.020264939185391073,-0.023959673227946537,-0.01962876091671423,-0.0037440046605545256,-0.027042292223885368
2023-02-22,-0.0013789960116971829,0.000748009990505663,0.009122487526369096,-0.0056423768979153,0.0028917178898346233
2023-02-23,0.005305280871006199,0.008696135323794,0.009724792773563971,-0.0005305918526508475,0.0032851699595370983
2023-02-24,-0.010739885109734093,-0.016886111049983443,-0.01308650103423731,-0.0072206822499255125,-0.01816928383747562
2023-02-27,0.003400077197174859,0.007135641567724113,0.002769100098114501,0.003912670406128105,0.008213616878133129
2023-02-28,-0.0037028182996599068,-0.0012936271297793512,0.004533159705257237,0.004545621851780495,-0.0034536554903815304
2023-03-01,-0.0038433468263312266,-0.008071602435527648,-0.010801193129332063,0.005755555600934512,-0.014348399891774898
2023-03-02,0.007747283474332604,0.008241979085947026,-0.00890701538427008,-0.000585735153896139,0.004120593620115741
2023-03-03,0.01591058820306072,0.020462878326339255,0.023937232825309084,0.010666001055863707,0.03448853346269098
2023-03-06,0.0006925330166873695,0.0011340018045266867,-0.0077835265337333195,-0.0050565936951402655,0.01836956667725175
2023-03-07,-0.015447455032390114,-0.012341860455860689,0.006113982381701615,-0.017635068390636166,-0.014602491644863321
2023-03-08,0.0016307745942190151,0.004981964998267606,0.0009823474870284633,-0.0004745630282821619,0.008342395990398457
2023-03-09,-0.018622269396630604,-0.017477839822189464,0.002452205111477816,0.00980112770009771,-0.015027045512818272
2023-03-10,-0.01453448207367356,-0.014142963903690386,0.03390474179201396,0.021333667247723984,-0.01397592492118752
2023-03-13,-0.001426209042863392,0.0073891485632216125,0.0022705790390222533,0.022688861946558777,0.013178640356202503
2023-03-14,0.01639474130329134,0.022719449700010722,-0.016578009302355957,-0.005807897981361377,0.013990829975962944
2023-03-15,-0.006273724835142013,0.005232224289879656,0.01912587669922353,0.007773838437142398,0.0026180700181754127
2023-03-16,0.017393031397563454,0.026019401890909528,-0.007853489609847733,0.0020180543660701534,0.018521309972969732
2023-03-17,-0.011761670196456334,-0.004737424765757275,0.014897628256920117,0.028704276731304653,-0.005468679205106202
2023-03-20,0.009569682577064613,0.0035427614890509076,-0.008836236226993486,0.0003807952240648717,0.015365088738192239
2023-03-21,0.01304505120820807,0.014181269442311425,-0.00862937367117233,-0.01905552456933767,0.011873397742950641
2023-03-22,-0.01719346941262077,-0.013691301097778429,0.013245229997020316,0.016877382247649345,-0.009145038515815654
2023-03-23,0.002699610251212517,0.011788367536416617,0.0,0.012460224063675791,0.006945139562761137
2023-03-24,0.006540712812647495,0.0036734859172312157,0.0042203799011454384,-0.011316136891165252,0.00827112944794738
2023-03-27,0.0018680171219789055,-0.0068745369931656605,-0.023771141554175427,-0.009299831745516636,-0.01236935863967158
2023-03-28,-0.0022470418851527497,-0.005325936596380266,0.001819203994605514,0.008155744573006158,-0.003988124518352107
2023-03-29,0.014430197527832148,0.018069612530786216,-0.0020111837690208745,-0.0049731154716589265,0.019597346167077898
2023-03-30,0.005838149306268371,0.009421038203106757,0.004591026876677211,0.008998964139577773,0.009841395337010781
2023-03-31,0.013996229419483175,0.016493823838197773,0.014869835255103544,-0.0052258772770236855,0.015523199160000644
2023-04-03,0.0038032876889847527,-0.0024333391220151667,0.0046919565460493366,0.00717858251921089,0.00767202148934651
2023-04-04,-0.005563500103903587,-0.0033790588812659945,0.004959189343112068,0.018469345695108493,-0.003255062527685067
2023-04-05,-0.0026216719936703508,-0.009921574507332307,0.010400707131204391,-0.0007982432900847153,-0.011354421199024715
2023-04-06,0.0038931223615056377,0.006719451467034698,0.0025830444242544268,-0.007159660374899705,0.005480977689090844
2023-04-10,0.0010259077440376082,-0.000566065995746555,-0.01625608077246783,-0.007427401530065852,-0.016101299037540567
2023-04-11,0.0002685420917158721,-0.006438335817816465,0.0020584873781106933,0.00630066529229045,-0.00762003418307405
2023-04-12,-0.0040842959352815735,-0.008872984764136168,-0.0010285528208008742,0.0048732452945133,-0.004362823749898068
2023-04-13,0.013195322146545865,0.019392901589337763,-0.007889639464703965,0.013425150587981827,0.033534976726655646
2023-04-14,-0.002445715996283973,-0.0018817292462864012,-0.009188716007809341,-0.017869017219899228,-0.0021163642782395338
2023-04-17,0.003581834586339773,0.0008471627985434548,-0.011966953247310994,-0.00446370276447651,0.00012095679557000522
2023-04-18,0.0006520659477812085,6.273147453466912e-05,0.0035569789853284193,0.0038732698004284223,0.0074769353523696245
2023-04-19,-0.00016914093710789088,-0.0004705820085231434,-0.0009601188316858115,-0.004789973842758077,0.006943949491858528
2023-04-20,-0.005471942462079967,-0.007653657585017365,0.008513127539005618,0.003930524556986942,-0.005863445830813852
2023-04-21,0.0007765075355008492,0.001042739759467852,-0.005635119506732589,-0.009936876904451757,-0.009829200615654256
2023-04-24,0.0010427067764691223,-0.0020867645666176092,0.009627669734019366,0.0030347260178608367,0.0018769816292385027
2023-04-25,-0.01600119295758875,-0.019043688156410197,0.014597338937623468,0.005073426510561733,-0.009480357958325424
2023-04-26,-0.004244498012556534,0.006046179733633701,-0.01071550804527138,-0.005452222698837164,-6.125203123764983e-05
2023-04-27,0.019712246983930478,0.026827653185187688,-0.009971908109693863,5.4098929279836664e-05,0.027999578222118456
2023-04-28,0.008499160959479883,0.0068751019002580545,0.01600157739749331,0.0002706158931134578,0.007512812653044108
2023-05-01,-0.001010234902006282,-0.0011475535158033045,-0.029258350321675116,-0.004501468248394752,-0.0005306411140496875
2023-05-02,-0.011303039231050445,-0.008759790147884809,0.024614355521747205,0.01911282169964576,-0.006210545222524404
2023-05-03,-0.006887526970370419,-0.006565481714721299,0.005567074401813381,0.00844333039400089,-0.00648820550633407
2023-05-04,-0.007108196442641487,-0.003536283650457283,-0.009928357836495786,0.007008337579460111,-0.009962944069845782
2023-05-05,0.018343280572803582,0.021031750234475857,-0.0033311513368228895,-0.015771672012865213,0.04585895690765336
2023-05-08,0.00026657690250188933,0.002474702203765246,-0.014113755226560639,0.0012261535425393925,-0.00040337605426282437
2023-05-09,-0.0043950140540042135,-0.006353491160595732,-0.0035842388966449566,0.007061173494320752,-0.010021206968801745
2023-05-10,0.004661443097452185,0.01082293878905866,0.009657316351861329,-0.0014294640409972018,0.010367146213795659
2023-05-11,-0.0017455246351672528,0.0032548592534281254,0.010516523757372609,-0.008619799546280105,0.0010939429887316082
2023-05-12,-0.0013109917889813714,-0.003593264949287153,-0.00840412184732307,-0.001711544099310757,-0.005432273235209544
2023-05-15,0.0034440485543825333,0.005400416620947384,-0.01041177666072386,0.0021389727993926496,-0.0029015139005439754
2023-05-16,-0.006705103336747419,0.0011315042270790925,-0.0030090373824753144,-0.01257816833072297,0.0
2023-05-17,0.012065888132803713,0.012031246111986037,-0.0029200154004286184,-0.003467895133703326,0.0035966656993858424
2023-05-18,0.009587008259665889,0.018403146985321663,-0.007436682717756293,-0.013057794413406836,0.013573551700989218
2023-05-19,-0.0014559542425989734,-0.0022559635618317328,-0.007096223597069641,0.009850156652287684,0.000628208376784537
2023-05-22,0.0004059696067839904,0.0033524199311239975,-0.003567170521327979,-0.002344243508491738,-0.005495785985499066
2023-05-23,-0.011286308590174616,-0.012757372875197919,0.0028745215262787065,0.0012000108481294142,-0.015270983500323104
2023-05-24,-0.0072710554601397885,-0.005142914702511549,-0.004961006071302304,-0.008101176111367243,0.0016306567005083114
2023-05-25,0.0086224749660422,0.0240418396367994,-0.002490105787367648,-0.00966457904681634,0.006669986941149884
2023-05-26,0.012867587414573882,0.025229313825351703,0.008044986094177201,0.003987606250000357,0.014006372695699506
2023-05-30,0.0003807670130868325,0.004524846301810151,0.009941444501102433,0.006171471778321201,0.010603168277770015
2023-05-31,-0.005560559598572018,-0.005702461406331037,0.008678938936755974,0.001537018842589403,-0.00028209351242501304
2023-06-01,0.009456287918908467,0.011486151350543265,0.0039159243700635366,0.007867103377943253,0.01589563486040703
2023-06-02,0.0143574046293489,0.007471645486131684,-0.011018641238324522,-0.014857275420164701,0.004763856620182556
2023-06-05,-0.0019180896470533905,0.0007047400492612857,-0.001864789464705492,0.0060023657211361265,-0.007599822519165443
2023-06-06,0.0021751427228151473,-0.00016917985140714052,0.005876620657311964,0.0010974372841257363,-0.002062479045905143
2023-06-07,-0.0034637969501384574,-0.017111018792632486,-0.01495500674458146,-0.012083252758880945,-0.007786553135027461
2023-06-08,0.006030404435820782,0.01233708419810894,0.011629336450018245,0.013124733073092816,0.015346704659865686
2023-06-09,0.0017928465062672842,0.0038152918477428483,-0.0013728770286991657,-0.002688130119841765,0.002157506811648273
2023-06-12,0.00903089484740704,0.016756098351536946,0.0029392514990802133,-0.0008792504640156504,0.0155178530886612
2023-06-13,0.00657119436911639,0.0076546653938326424,-0.00992968573080698,-0.00739483312084137,-0.0026151809345479485
2023-06-14,0.0011902888681117798,0.007241087106816803,0.007971228965830688,0.0005537743402144653,0.0034854183138890117
2023-06-15,0.012321201791947988,0.011845351644775116,0.009560123450734788,0.007005982383036308,0.011136341722759211
2023-06-16,-0.003411841359904178,-0.0063129482288212324,-0.003891091015699884,-0.0015404017609150433,-0.0058770916115308035
2023-06-20,-0.005201694991795029,-0.0014323704255793848,0.00689647083648083,-0.010404681043488588,0.00048657405113385164
2023-06-21,-0.005136995798886366,-0.013721547556208313,0.002416720238578167,-0.0014474699268161662,-0.005691622274434087
2023-06-22,0.0036033056926435656,0.011729835554708905,-0.01214352251292139,-0.009966480697039254,0.01639035490717548
2023-06-23,-0.007588691427874516,-0.009962805406243603,0.0099200829109626,0.0027534519339434175,-0.0017128087451304145
2023-06-26,-0.004094187615475518,-0.013496207744968292,0.0010642819622210847,0.0017380933759117798,-0.007581519807009653
2023-06-27,0.01090366953766956,0.017048123335873026,-0.002613817061113766,-0.00460411859047838,0.01494661999802535
2023-06-28,0.0005042637112705316,0.0019495463799552152,0.004255933013115063,-0.002310076023493695,0.006307874160319279
2023-06-29,0.003933612325568528,-0.0020044486122221864,-0.018213565292250725,-0.0010723394318449203,0.0017950005397002267
2023-06-30,0.01173157819530492,0.01530250972352942,0.011725944982602047,0.006641221688667137,0.022839747099442222
2023-07-03,0.0011498895935602698,0.002352129896022773,-0.005685254456908329,0.001121247777740352,-0.007815238123382867
2023-07-05,-0.0014882980710740645,-2.7223127497634327e-05,-0.009547902632554695,-0.003536277643963551,-0.005888725422588029
2023-07-06,-0.007861522192020626,-0.007644858362066054,-0.014243968641921142,-0.002984649764026069,0.0025056974687978247
2023-07-07,-0.002527836694477978,-0.003325605630721097,-0.006037413203087046,0.007473004815488796,-0.005908658882922033
2023-07-10,0.002527836694477901,0.00032760654417169987,0.0013110378063414974,0.0007833887164984092,-0.010915220098841546
2023-07-11,0.006348440816080264,0.0049283896159969115,0.005127862266689474,0.003740607755698653,-0.0028138694866839753
2023-07-12,0.008013593773780466,0.012550865246347064,0.011069283083768196,0.013450555215707776,0.008945306952178614
2023-07-13,0.007905539837652078,0.016836185847537568,0.010457960543163542,0.0007144446386035077,0.004049179144253062
2023-07-14,-0.0006230258220823704,-0.00021091545649145298,-0.005905989583112266,-0.0031917364290746223,0.0007870545230864679
2023-07-17,0.0034662812215284994,0.00929519985661799,0.0004933737176439576,0.0007163001287566721,0.01715759409218705
2023-07-18,0.007403144307724307,0.008147494232862462,0.004528946407077046,0.011391151915954547,-0.0013413125126445432
2023-07-19,0.002221376006337264,-0.00023361078707745915,0.011233558087657105,0.00016334311378929522,0.007046763950392272
2023-07-20,-0.006656696547592131,-0.023321600717786342,-0.012216339087301412,-0.005076251540707524,-0.010148608686196738
2023-07-21,0.0,-0.0030037309482910633,0.00029512897905130875,-0.003069238517008006,-0.006180755517070642
2023-07-24,0.004457372315552337,0.0015959897717784746,-0.003644114230737343,-0.0042906650791519445,0.004211230983295435
2023-07-25,0.002726357054720484,0.006754927980434109,-0.0018759659390473118,0.0055524167407640206,0.0045033150745308155
2023-07-26,0.0001535817855853272,-0.003332118263416854,0.000987842474797161,0.0048672507195615744,0.004534947077687444
2023-07-27,-0.006652082520437671,-0.002386665326948684,-0.019644473983694257,-0.015836715414990758,-0.006602923101422657
2023-07-28,0.009742701131368707,0.018050449712919425,0.00512262545241815,0.007949707574281263,0.013417694153450824
2023-07-31,0.001902279031534081,0.0005215483262387933,0.0024019238904577794,0.002690787072192315,0.0031610506518297958
2023-08-01,-0.0028655748670867462,-0.0023223732577814407,-0.016522984207384236,-0.010418766955581948,-0.004285130199134801
2023-08-02,-0.014008643753451584,-0.02218834763928589,-0.01075642190436998,-0.004776993918500052,-0.015611297251356345
2023-08-03,-0.0028699206627276156,-0.0016039227196448923,-0.02334166283295685,-0.00033420291832367705,-0.007348553225895251
2023-08-04,-0.004532926560469058,-0.004692862791183189,0.017556971714742808,0.003613876354074006,-0.049211558112461154
2023-08-07,0.008690605770042596,0.008431244967963315,-0.009890239414027778,-0.002277988932518744,-0.017404020529611236
2023-08-08,-0.004358181183267802,-0.00853862914780891,0.011546614592413722,-0.006361270240024672,0.005297483178943968
2023-08-09,-0.006707759864414221,-0.011055685583587034,0.005157803222052624,-0.00476956334967285,-0.008994633488940905
2023-08-10,0.00035902324802482256,0.001846663331358344,-0.016599544598597065,-0.0010691758408616784,-0.0012355140862130342
2023-08-11,-0.0005831769358768061,-0.006396102794922988,-0.002304213693418608,0.0,0.00033756763777298627
2023-08-14,0.005504780991698755,0.011159837842248544,-0.0022045465446481867,-0.003045220530389694,0.009349322713918756
2023-08-15,-0.011717386672666572,-0.010668256646988282,-0.00611377384164858,-0.0026580037072091345,-0.01126342445626202
2023-08-16,-0.007365048938087526,-0.010645547053165333,-0.007854563147059929,-0.005792775189194925,-0.00497151418322604
2023-08-17,-0.007649164489400564,-0.01098297501960316,-0.004271781778777917,-0.0015390561619561794,-0.01466188000118337
2023-08-18,0.0004813243985452202,-0.0012558701237546119,0.003525374680027754,0.0001711135895520659,0.0028119876155394117
2023-08-21,0.006484942521198101,0.015983065279788825,-0.013420180199348458,0.00273392964256731,0.007707168263818279
2023-08-22,-0.002712249962983725,-0.0014299561785863244,0.007644946893072301,0.0016481975934526548,0.007873674959338094
2023-08-23,0.01107632369802096,0.01564547871810187,0.024475332173474414,0.010113328144583607,0.021711479484173804
2023-08-24,-0.013956052206167534,-0.021607433755328514,-0.00661608197092256,-0.0002248455933195227,-0.026518930231925655
2023-08-25,0.007025029616058566,0.007721624031611095,0.003261323903228573,-0.0012941233726573686,0.012563954310620823
2023-08-28,0.006321289724021339,0.007498830400511558,0.0010493366289266166,0.002867238875764686,0.008807070043375878
2023-08-29,0.014351463092885802,0.021604834257909312,0.01033244263553764,0.00972069237763269,0.02157578657473244
2023-08-30,0.004110308647897266,0.005561195057746064,-0.001038721833387896,0.002498750315822613,0.01899086995951325
2023-08-31,-0.0014644551567921619,0.002994106725537722,0.004459662706884884,-0.001665111347163996,0.0011716343516340335
2023-09-01,0.0018634800900080007,-0.0010589189410040235,-0.015701275153141844,0.0004997991755412262,0.00842783546618118
2023-09-05,-0.004331239052821776,0.0012704369766998879,-0.014121311413466122,-0.008195174622491511,0.0012659204644500425
2023-09-06,-0.006745167387561416,-0.008846935715605412,0.002456406709055809,-0.004544556063018457,-0.03644975302790532
2023-09-07,-0.003075066189138969,-0.007177152135447224,0.0027691916489493854,0.0010678794784509471,-0.029685642494961525
2023-09-08,0.00150502938503199,0.0013965358788691786,0.0038221552342550713,0.0003369702787594387,0.0034856400222997314
2023-09-11,0.006555094070413274,0.011713974599750966,-0.007232095621724788,0.0018513951035425602,0.006600713101545418
2023-09-12,-0.005500808476584041,-0.011150381343357675,0.005747682874265038,-0.005169992663578624,-0.017207684900047683
2023-09-13,0.001165338113347533,0.0038019365703052697,-0.00021250958109423742,-0.002312682045193072,-0.011925833253657103
2023-09-14,0.008585509092235665,0.008143757029299394,-0.0072440594838315145,0.0005080950731221542,0.008744376897132977
2023-09-15,-0.012121465766840131,-0.017271125315995194,-0.006112670477146769,0.00658210689497754,-0.0041626827011607085
2023-09-18,0.0005863153571205866,0.0010418393627322552,0.005684878614127361,0.00587038313631886,0.016771930761971338
2023-09-19,-0.0020760468943669466,-0.0021335823174820257,-0.007407561243624001,-0.0009480950413542692,0.006161835237167175
2023-09-20,-0.009235770162847785,-0.014515342510566192,0.0031200035184657977,0.0007251297423292754,-0.020194721492919274
2023-09-21,-0.016666643533720323,-0.018494521464566965,-0.026009270640198607,-0.0072748111459232075,-0.00892924179119698
2023-09-22,-0.002250948133605748,0.00013976279723148396,0.00801622760117764,0.0031961900557462815,0.004932415311379428
2023-09-25,0.004196266648327733,0.004738455061748263,-0.024916742045697413,-0.005163898932470834,0.007353260620334423
2023-09-26,-0.014800145652947369,-0.015129916938657353,-0.0034824876648428655,-0.008023084937964609,-0.02367649132165371
2023-09-27,0.0003989848483036173,0.002340430390998418,-0.005189476091962694,-0.012443751217319037,-0.008937365071339937
2023-09-28,0.00578068768645704,0.0083303254726787,0.003049393701256535,-0.005009715204337903,0.001524392470742218
2023-09-29,-0.0024297547971785585,0.0007259032491037311,0.00011259886971264131,-0.010328505518099336,0.003041650950712479
2023-10-02,-0.0003978708913945505,0.008311175439273562,-0.016881861761174226,-0.0105542058560987,0.01472659814541976
2023-10-03,-0.013476435367207298,-0.017705492620867617,-0.021746244113467875,-0.002892421000056923,-0.007800061845730117
2023-10-04,0.0072557076807560576,0.013517043954742933,0.01400937042011164,-0.00011826350756014561,0.007282201127666692
2023-10-05,-0.0003770759661422751,-0.0029509269156461973,-0.004997499250990843,-0.0018344684108627424,0.007171921478977381
2023-10-06,0.011802897995405326,0.01661665643069405,-0.012191286194821654,0.005139851922273756,0.014642955486838824
2023-10-09,0.006381904728791926,0.005087105924260137,0.02319873091161404,0.018218478536943455,0.008415732394828738
2023-10-10,0.005191367351535899,0.0055226048772433235,-0.0013838885602404812,-0.0016795054754092334,-0.0033579372638006056
2023-10-11,0.004087797703247033,0.007110153815285384,0.020671069923456634,0.007276507826110017,0.007873013895022438
2023-10-12,-0.006115110098297545,-0.0034813167602262374,-0.027502643399979845,-0.0030543103873241243,0.005048506185804911
2023-10-13,-0.004993300311672397,-0.012649452985716179,0.017734458207905836,0.03164231938177581,-0.010346162614311477
2023-10-16,0.010466563949045765,0.011242928316941675,-0.016224915880587068,-0.004876800474351656,-0.0007272176853912393
2023-10-17,-4.592383705724463e-05,-0.0032808567240755013,-0.011082217831975579,0.0018525567250013085,-0.00882344898834027
2023-10-18,-0.013414580702889266,-0.013204863091055863,-0.008836528290692177,0.014367113783494704,-0.007422195017521547
2023-10-19,-0.008825315189117245,-0.009400795920286902,-0.020685638903061868,0.012199301049654077,-0.002163464135860746
2023-10-20,-0.01236412452638378,-0.015030205567791128,0.005662373185489053,0.0027271753020748097,-0.014813450865972345
2023-10-23,-0.001734764658956317,0.003012952260616544,0.01194172388301002,-0.0033827788768209456,0.0006939518370287228
2023-10-24,0.007511059323296216,0.009680971900521715,0.013090310114086371,-0.00010933686369138149,0.0025402295551474083
2023-10-25,-0.01445616490507655,-0.02478023022615104,-0.02251271813161034,0.004199991317574014,-0.013583733067549869
2023-10-26,-0.01204672991882489,-0.019251402410977368,0.015222139854040615,0.00157720800379265,-0.024913315464158304
2023-10-27,-0.004543224324143448,0.004789969741868496,-0.00425762331442524,0.011562693424814757,0.007937624516708828
2023-10-30,0.011884835730961859,0.011201968712812139,-0.004514650821633199,-0.0056565149769635704,0.012230307087328113
2023-10-31,0.006260754890971976,0.004771093106391517,-0.004893169506385152,-0.005471503988171267,0.0028149474955723895
2023-11-01,0.010608300539511133,0.0172079235143193,0.021450209274706866,-0.0031556165767174377,0.018565168140631437
2023-11-02,0.01898301004345257,0.01799053589678187,0.02254107465645745,0.0033185604405963163,0.020482059241827538
2023-11-03,0.009081959347680245,0.011680312020188707,0.006755490127018243,0.0036323164276059108,-0.00519463756708947
2023-11-06,0.0022978758205574054,0.004070954329100817,-0.009747129839718007,-0.00782308105070571,0.014499503135050907
2023-11-07,0.0028419889080233724,0.009408371475387069,0.014642296630947474,-0.004153745714032089,0.014347459205440756
2023-11-08,0.0007321351155159147,0.0006436546780721022,0.016890104334358495,-0.010017653470627112,0.0058676735815168714
2023-11-09,-0.007829376251478714,-0.007725390508624329,-0.023269804872471253,0.003975057413790778,-0.002627988239930886
2023-11-10,0.015484248073909827,0.02223307848794203,0.005584292321484848,-0.010969699953245399,0.022954416731393274
2023-11-13,-0.000953544350148446,-0.0031232241150447194,-0.0022756751301390705,0.005555261386915847,-0.008620619872745879
2023-11-14,0.01921490561593442,0.021298021744732547,0.022414739722737713,0.008879636186604733,0.014184539814700858
2023-11-15,0.0021148808133026977,0.0007523635649488734,-0.014133690358881781,-0.0026390807860946154,0.00303648667012774
2023-11-16,0.0012222824964543016,0.0008554830713256877,0.012350357143540667,0.011222864579353571,0.00900146095699243
2023-11-17,0.001243140368042585,0.0002331720182961206,0.00467524569885903,-0.00010890827769753537,-0.00010549109609667844
2023-11-20,0.007668066175206607,0.012101280903581285,0.006089761570739556,-0.0016347162383040547,0.009235562482049531
2023-11-21,-0.002181747038093474,-0.005826419437231798,-0.0004413874589822073,0.010740019593542038,-0.004239896202756943
2023-11-22,0.0038534116931485942,0.004084667613725449,0.0035272361169685668,-0.004271361889171939,0.0035082629669593263
2023-11-24,0.0006150125719428613,-0.0014108556044271764,-0.011844676729300391,0.005188115339681599,-0.007028877187121072
2023-11-27,-0.0018024595066575126,-0.0008734455234575186,0.016565901779172235,0.006715220224108336,-0.0009480327610818678
2023-11-28,0.0009896024014654549,0.0026176542982496074,0.0019694850375342634,0.013243765854618068,0.0032088493565230456
2023-11-29,-0.0007036720630361266,-0.000974650006653245,0.012492567377183357,0.0014783465644929395,-0.005424183031081064
2023-11-30,0.0039296206183747065,-0.0025170540828848642,-0.011618494467215574,-0.004176660491012712,0.0030579385596732267
2023-12-01,0.005898477969725474,0.002850700490856527,0.018658938520581553,0.0171240372669512,0.006768448849685843
2023-12-04,-0.005263194110202455,-0.009326793186263938,-0.003986832057179498,-0.021850417580745678,-0.009509575659472946
2023-12-05,-0.00019705205230246317,0.0025077169696968646,0.021257964178318284,-0.003786606077863042,0.02084433752603577
2023-12-06,-0.004037970455119656,-0.00580068983166649,0.013230029233075457,0.003680115406357525,-0.0057033871353845125
2023-12-07,0.007601448214928293,0.013875423128596126,-0.005753732604007884,0.001648967455985853,0.010088273152649907
2023-12-08,0.004289978691554495,0.0044468308550417515,-0.008216416097323804,-0.013430173514668298,0.007385064380062056
2023-12-11,0.003881980312455807,0.0085059444800113,-0.002117752378085779,-0.011104320560253362,-0.013011709665911595
2023-12-12,0.004556936051376139,0.00793270331762488,0.0029637236828677868,-0.0005447904909059331,0.00788926177140881
2023-12-13,0.013695822935358279,0.012637039041553931,0.02319127685658611,0.02231176448891427,0.016553473881868338
2023-12-14,0.003204277084994864,-0.0008671396352975823,0.025680528318449292,0.005845435089187853,0.0007574942857261003
2023-12-15,-0.001647923870829376,0.004822226515937796,0.00110968353240106,-0.009208782757507668,-0.0027294349086788537
2023-12-18,0.005609370189982774,0.0062788488781346085,-0.007999551657277162,0.004535187656823467,-0.008539716306784309
2023-12-19,0.00606251943786412,0.0050966563607667765,0.005373874032103182,0.006790830606181505,0.005345813765291907
2023-12-20,-0.013954156469687111,-0.014971263084600816,0.006752212353346426,-0.005460866362358439,-0.010771714321680968
2023-12-21,0.009437151640213717,0.011568243973298614,-0.006347897741882349,0.007045755720440373,-0.0007703309538416975
2023-12-22,0.0020077231427065734,0.0014948346541519622,-0.0045589502010828665,0.004424614031362936,-0.005562918723509968
2023-12-26,0.004213454120551467,0.006103046469092325,0.0028392069247497203,0.007591842151508473,-0.00284493625063953
2023-12-27,0.0018065031565973712,0.002033757364138815,0.017564605182591887,0.0045275772625212145,0.0005179288153295981
2023-12-28,0.0003777232544097465,-0.00048630656759620695,-0.007289726048499954,-0.005832413160524644,0.002223795357493902
2023-12-29,-0.002899113186312051,-0.004337115552619804,-0.009060575879749129,-0.001568069797763166,-0.005439094550267024
